{"assets":{"591A33D7BB74EF22CA99BF42445AA5B7":{"type":"texture","assetRequest":{"type":"slide","state":"incoming","slide":"CD5A25A9-6064-48B2-B8FC-0E911300FB15"},"url":"assets/591A33D7BB74EF22CA99BF42445AA5B7.svg","width":1024,"height":768},"5E773F65CB9325EDD5D72A67BAAD3818":{"type":"texture","assetRequest":{"type":"slide","state":"outgoing","slide":"5CF3FB9D-1576-4883-BA9E-2C8A2CDB7BA2"},"url":"assets/5E773F65CB9325EDD5D72A67BAAD3818.svg","width":1024,"height":768}},"events":[{"effects":[{"beginTime":0,"baseLayer":{"animations":[],"initialState":{"affineTransform":[1,0,0,1,0,0],"masksToBounds":true,"rotation":0,"scale":1,"position":{"pointX":512,"pointY":384},"width":1024,"sublayerTransform":[1,0,0,0,0,1,0,0,0,0,1,0,0,0,0,1],"contentsRect":{"y":0,"x":0,"width":1,"height":1},"opacity":1,"edgeAntialiasingMask":0,"height":768,"hidden":false,"anchorPoint":{"pointX":0.5,"pointY":0.5}},"objectID":0,"layers":[{"animations":[],"initialState":{"affineTransform":[1,0,0,1,0,0],"masksToBounds":false,"rotation":0,"scale":1,"position":{"pointX":512,"pointY":384},"width":1024,"sublayerTransform":[1,0,0,0,0,1,0,0,0,0,1,-0.0004922987690640373,0,0,0,1],"contentsRect":{"y":0,"x":0,"width":1,"height":1},"opacity":1,"edgeAntialiasingMask":15,"height":768,"hidden":false,"anchorPoint":{"pointX":0.5,"pointY":0.5}},"layers":[{"animations":[],"layers":[],"initialState":{"affineTransform":[1,0,0,1,0,0],"masksToBounds":false,"rotation":0,"scale":1,"position":{"pointX":512,"pointY":384},"width":1024,"sublayerTransform":[1,0,0,0,0,1,0,0,0,0,1,0,0,0,0,1],"contentsRect":{"y":0,"x":0,"width":1,"height":1},"opacity":1,"edgeAntialiasingMask":0,"height":768,"hidden":false,"anchorPoint":{"pointX":0.5,"pointY":0.5}},"texture":"591A33D7BB74EF22CA99BF42445AA5B7"},{"animations":[{"from":{"scalar":1},"beginTime":0,"repeatCount":0,"fillMode":"both","property":"opacity","duration":0.75,"timingFunction":"easeInEaseOut","to":{"scalar":0}}],"layers":[],"initialState":{"affineTransform":[1,0,0,1,0,0],"masksToBounds":false,"rotation":0,"scale":1,"position":{"pointX":512,"pointY":384},"width":1024,"sublayerTransform":[1,0,0,0,0,1,0,0,0,0,1,0,0,0,0,1],"contentsRect":{"y":0,"x":0,"width":1,"height":1},"opacity":1,"edgeAntialiasingMask":0,"height":768,"hidden":false,"anchorPoint":{"pointX":0.5,"pointY":0.5}},"texture":"5E773F65CB9325EDD5D72A67BAAD3818"}]}]},"effects":[],"duration":0.75,"type":"transition","attributes":{"direction":13},"name":"apple:wipe","objectID":0}],"automaticPlay":false,"hyperlinks":[],"accessibility":[{"text":"A lot more ","targetRectangle":{"y":23,"x":327.3613279163837,"width":387.6359379589558,"height":63.16796875}},{"text":"happiness potential","targetRectangle":{"y":81.68320161895826,"x":161.7593746036291,"width":700.4812507927418,"height":63.16796875}},{"text":"Kids love technology","targetRectangle":{"y":217,"x":102.9999990463257,"width":330.205078125,"height":40.822265625}},{"text":"Teachers love coaching students","targetRectangle":{"y":259,"x":102.9999990463257,"width":522.31640625,"height":92.822265625}},{"text":"Students feel great when helping other students","targetRectangle":{"y":353,"x":102.9999990463257,"width":762.521484375,"height":92.822265625}},{"text":"More direct memorable experiences","targetRectangle":{"y":447,"x":102.9999990463257,"width":574.2421875,"height":92.822265625}},{"text":"students are more receptive to individual coaching","targetRectangle":{"y":541,"x":136.9999997615814,"width":667.0458984375,"height":55.0185546875}},{"text":"teacher can be more engaged with individual students","targetRectangle":{"y":597,"x":136.9999997615814,"width":717.12890625,"height":55.0185546875}}],"baseLayer":{"animations":[],"initialState":{"affineTransform":[1,0,0,1,0,0],"masksToBounds":true,"rotation":0,"scale":1,"position":{"pointX":512,"pointY":384},"width":1024,"sublayerTransform":[1,0,0,0,0,1,0,0,0,0,1,0,0,0,0,1],"contentsRect":{"y":0,"x":0,"width":1,"height":1},"opacity":1,"edgeAntialiasingMask":0,"height":768,"hidden":false,"anchorPoint":{"pointX":0.5,"pointY":0.5}},"objectID":0,"layers":[{"animations":[],"initialState":{"affineTransform":[1,0,0,1,0,0],"masksToBounds":false,"rotation":0,"scale":1,"position":{"pointX":512,"pointY":384},"width":1024,"sublayerTransform":[1,0,0,0,0,1,0,0,0,0,1,-0.0004922987690640373,0,0,0,1],"contentsRect":{"y":0,"x":0,"width":1,"height":1},"opacity":1,"edgeAntialiasingMask":15,"height":768,"hidden":false,"anchorPoint":{"pointX":0.5,"pointY":0.5}},"layers":[{"animations":[],"layers":[],"initialState":{"affineTransform":[1,0,0,1,0,0],"masksToBounds":false,"rotation":0,"scale":1,"position":{"pointX":512,"pointY":384},"width":1024,"sublayerTransform":[1,0,0,0,0,1,0,0,0,0,1,0,0,0,0,1],"contentsRect":{"y":0,"x":0,"width":1,"height":1},"opacity":1,"edgeAntialiasingMask":0,"height":768,"hidden":false,"anchorPoint":{"pointX":0.5,"pointY":0.5}},"texture":"591A33D7BB74EF22CA99BF42445AA5B7"},{"animations":[{"from":{"scalar":1},"beginTime":0,"repeatCount":0,"fillMode":"both","property":"opacity","duration":0.75,"timingFunction":"easeInEaseOut","to":{"scalar":0}}],"layers":[],"initialState":{"affineTransform":[1,0,0,1,0,0],"masksToBounds":false,"rotation":0,"scale":1,"position":{"pointX":512,"pointY":384},"width":1024,"sublayerTransform":[1,0,0,0,0,1,0,0,0,0,1,0,0,0,0,1],"contentsRect":{"y":0,"x":0,"width":1,"height":1},"opacity":1,"edgeAntialiasingMask":0,"height":768,"hidden":false,"anchorPoint":{"pointX":0.5,"pointY":0.5}},"texture":"5E773F65CB9325EDD5D72A67BAAD3818"}]}]}}]}