{"assets":{"A8AC3B4FE9A27090B3C57D57213E1BC1":{"type":"texture","assetRequest":{"type":"slide","state":"outgoing","slide":"3CA789A5-0161-4262-BAF8-B7F11BC905E8"},"url":"assets/A8AC3B4FE9A27090B3C57D57213E1BC1.svg","width":1024,"height":768},"6E429BD0BCD1150615C3676DB44E07A0":{"type":"texture","assetRequest":{"type":"slide","state":"incoming","slide":"BC58BA60-1197-453C-9BD0-200593FA72E6"},"url":"assets/6E429BD0BCD1150615C3676DB44E07A0.svg","width":1024,"height":768}},"events":[{"effects":[{"beginTime":0,"baseLayer":{"animations":[],"initialState":{"affineTransform":[1,0,0,1,0,0],"masksToBounds":true,"rotation":0,"scale":1,"position":{"pointX":512,"pointY":384},"width":1024,"sublayerTransform":[1,0,0,0,0,1,0,0,0,0,1,0,0,0,0,1],"contentsRect":{"y":0,"x":0,"width":1,"height":1},"opacity":1,"edgeAntialiasingMask":0,"height":768,"hidden":false,"anchorPoint":{"pointX":0.5,"pointY":0.5}},"objectID":0,"layers":[{"animations":[],"initialState":{"affineTransform":[1,0,0,1,0,0],"masksToBounds":false,"rotation":0,"scale":1,"position":{"pointX":512,"pointY":384},"width":1024,"sublayerTransform":[1,0,0,0,0,1,0,0,0,0,1,-0.0004922987690640373,0,0,0,1],"contentsRect":{"y":0,"x":0,"width":1,"height":1},"opacity":1,"edgeAntialiasingMask":15,"height":768,"hidden":false,"anchorPoint":{"pointX":0.5,"pointY":0.5}},"layers":[{"animations":[],"layers":[],"initialState":{"affineTransform":[1,0,0,1,0,0],"masksToBounds":false,"rotation":0,"scale":1,"position":{"pointX":512,"pointY":384},"width":1024,"sublayerTransform":[1,0,0,0,0,1,0,0,0,0,1,0,0,0,0,1],"contentsRect":{"y":0,"x":0,"width":1,"height":1},"opacity":1,"edgeAntialiasingMask":0,"height":768,"hidden":false,"anchorPoint":{"pointX":0.5,"pointY":0.5}},"texture":"6E429BD0BCD1150615C3676DB44E07A0"},{"animations":[{"from":{"scalar":1},"beginTime":0,"repeatCount":0,"fillMode":"both","property":"opacity","duration":0.75,"timingFunction":"easeInEaseOut","to":{"scalar":0}}],"layers":[],"initialState":{"affineTransform":[1,0,0,1,0,0],"masksToBounds":false,"rotation":0,"scale":1,"position":{"pointX":512,"pointY":384},"width":1024,"sublayerTransform":[1,0,0,0,0,1,0,0,0,0,1,0,0,0,0,1],"contentsRect":{"y":0,"x":0,"width":1,"height":1},"opacity":1,"edgeAntialiasingMask":0,"height":768,"hidden":false,"anchorPoint":{"pointX":0.5,"pointY":0.5}},"texture":"A8AC3B4FE9A27090B3C57D57213E1BC1"}]}]},"effects":[],"duration":0.75,"type":"transition","attributes":{"direction":13},"name":"apple:wipe","objectID":0}],"automaticPlay":false,"hyperlinks":[],"accessibility":[{"text":"Individualized learning content can be anything","targetRectangle":{"y":217,"x":100.6199986807505,"width":696.1322460937499,"height":36.90470703124998}},{"text":"It doesn’t necessarily even need to correspond to same standards as others ","targetRectangle":{"y":255,"x":134.6199993459384,"width":821.9737792968748,"height":83.54725601673124}},{"text":"Individualized learning content can be appropriate for official special needs students","targetRectangle":{"y":339.4600001573563,"x":100.6199986807505,"width":796.60494140625,"height":123.264707403183}},{"text":"Without interfering with the learning experience of the mainstream","targetRectangle":{"y":463.8200005292892,"x":134.6199993459384,"width":812.6147460937505,"height":51.54725601673124}},{"text":"The ability to view and repeat material is especially good for extra-special needs","targetRectangle":{"y":516.2800006866455,"x":100.6199986807505,"width":846.743203125,"height":123.2647074031829}},{"text":"But self-paced is a good thing for any student","targetRectangle":{"y":640.6400010585785,"x":134.6199993459384,"width":559.9072265624999,"height":51.54725601673124}},{"text":"All Students have ","targetRectangle":{"y":23,"x":198.7937496453524,"width":644.7710945010185,"height":63.16796875}},{"text":"special needs","targetRectangle":{"y":81.68320161895826,"x":272.3156247287989,"width":479.3687505424023,"height":63.16796875}}],"baseLayer":{"animations":[],"initialState":{"affineTransform":[1,0,0,1,0,0],"masksToBounds":true,"rotation":0,"scale":1,"position":{"pointX":512,"pointY":384},"width":1024,"sublayerTransform":[1,0,0,0,0,1,0,0,0,0,1,0,0,0,0,1],"contentsRect":{"y":0,"x":0,"width":1,"height":1},"opacity":1,"edgeAntialiasingMask":0,"height":768,"hidden":false,"anchorPoint":{"pointX":0.5,"pointY":0.5}},"objectID":0,"layers":[{"animations":[],"initialState":{"affineTransform":[1,0,0,1,0,0],"masksToBounds":false,"rotation":0,"scale":1,"position":{"pointX":512,"pointY":384},"width":1024,"sublayerTransform":[1,0,0,0,0,1,0,0,0,0,1,-0.0004922987690640373,0,0,0,1],"contentsRect":{"y":0,"x":0,"width":1,"height":1},"opacity":1,"edgeAntialiasingMask":15,"height":768,"hidden":false,"anchorPoint":{"pointX":0.5,"pointY":0.5}},"layers":[{"animations":[],"layers":[],"initialState":{"affineTransform":[1,0,0,1,0,0],"masksToBounds":false,"rotation":0,"scale":1,"position":{"pointX":512,"pointY":384},"width":1024,"sublayerTransform":[1,0,0,0,0,1,0,0,0,0,1,0,0,0,0,1],"contentsRect":{"y":0,"x":0,"width":1,"height":1},"opacity":1,"edgeAntialiasingMask":0,"height":768,"hidden":false,"anchorPoint":{"pointX":0.5,"pointY":0.5}},"texture":"6E429BD0BCD1150615C3676DB44E07A0"},{"animations":[{"from":{"scalar":1},"beginTime":0,"repeatCount":0,"fillMode":"both","property":"opacity","duration":0.75,"timingFunction":"easeInEaseOut","to":{"scalar":0}}],"layers":[],"initialState":{"affineTransform":[1,0,0,1,0,0],"masksToBounds":false,"rotation":0,"scale":1,"position":{"pointX":512,"pointY":384},"width":1024,"sublayerTransform":[1,0,0,0,0,1,0,0,0,0,1,0,0,0,0,1],"contentsRect":{"y":0,"x":0,"width":1,"height":1},"opacity":1,"edgeAntialiasingMask":0,"height":768,"hidden":false,"anchorPoint":{"pointX":0.5,"pointY":0.5}},"texture":"A8AC3B4FE9A27090B3C57D57213E1BC1"}]}]}}]}