{"assets":{"B75FCAACEBB95E0662C4B9C727285062":{"type":"texture","assetRequest":{"type":"slide","state":"incoming","slide":"31C61424-EA3E-429D-9A4A-7C5D84B38EC9"},"url":"assets/B75FCAACEBB95E0662C4B9C727285062.svg","width":1024,"height":768},"6377361A9E8AD1316E1A5EDC85A62121":{"type":"texture","assetRequest":{"type":"slide","state":"outgoing","slide":"A5D24786-5AC6-4031-B5CB-C459423D39FF"},"url":"assets/6377361A9E8AD1316E1A5EDC85A62121.svg","width":1024,"height":768}},"events":[{"effects":[{"beginTime":0,"baseLayer":{"animations":[],"initialState":{"affineTransform":[1,0,0,1,0,0],"masksToBounds":true,"rotation":0,"scale":1,"position":{"pointX":512,"pointY":384},"width":1024,"sublayerTransform":[1,0,0,0,0,1,0,0,0,0,1,0,0,0,0,1],"contentsRect":{"y":0,"x":0,"width":1,"height":1},"opacity":1,"edgeAntialiasingMask":0,"height":768,"hidden":false,"anchorPoint":{"pointX":0.5,"pointY":0.5}},"objectID":0,"layers":[{"animations":[],"initialState":{"affineTransform":[1,0,0,1,0,0],"masksToBounds":false,"rotation":0,"scale":1,"position":{"pointX":512,"pointY":384},"width":1024,"sublayerTransform":[1,0,0,0,0,1,0,0,0,0,1,-0.0004922987690640373,0,0,0,1],"contentsRect":{"y":0,"x":0,"width":1,"height":1},"opacity":1,"edgeAntialiasingMask":15,"height":768,"hidden":false,"anchorPoint":{"pointX":0.5,"pointY":0.5}},"layers":[{"animations":[],"layers":[],"initialState":{"affineTransform":[1,0,0,1,0,0],"masksToBounds":false,"rotation":0,"scale":1,"position":{"pointX":512,"pointY":384},"width":1024,"sublayerTransform":[1,0,0,0,0,1,0,0,0,0,1,0,0,0,0,1],"contentsRect":{"y":0,"x":0,"width":1,"height":1},"opacity":1,"edgeAntialiasingMask":0,"height":768,"hidden":false,"anchorPoint":{"pointX":0.5,"pointY":0.5}},"texture":"B75FCAACEBB95E0662C4B9C727285062"},{"animations":[{"from":{"scalar":1},"beginTime":0,"repeatCount":0,"fillMode":"both","property":"opacity","duration":0.75,"timingFunction":"easeInEaseOut","to":{"scalar":0}}],"layers":[],"initialState":{"affineTransform":[1,0,0,1,0,0],"masksToBounds":false,"rotation":0,"scale":1,"position":{"pointX":512,"pointY":384},"width":1024,"sublayerTransform":[1,0,0,0,0,1,0,0,0,0,1,0,0,0,0,1],"contentsRect":{"y":0,"x":0,"width":1,"height":1},"opacity":1,"edgeAntialiasingMask":0,"height":768,"hidden":false,"anchorPoint":{"pointX":0.5,"pointY":0.5}},"texture":"6377361A9E8AD1316E1A5EDC85A62121"}]}]},"effects":[],"duration":0.75,"type":"transition","attributes":{"direction":13},"name":"apple:wipe","objectID":0}],"automaticPlay":false,"hyperlinks":[],"accessibility":[{"text":"She loved the story, but…","targetRectangle":{"y":23,"x":153.0585933327675,"width":736.2414071261883,"height":121.8511703689583}},{"text":"“Where am I going to get all this video and other stuff?”","targetRectangle":{"y":217,"x":101.9800009483761,"width":849.5381249999994,"height":38.85759765624999}},{"text":"To which I add…","targetRectangle":{"y":257,"x":101.9800009483761,"width":258.148828125,"height":89.29759914398193}},{"text":"How are you going to keep track of it?","targetRectangle":{"y":347.4400014877319,"x":135.9800002010663,"width":488.5048828125002,"height":53.38799867630007}},{"text":"And organize it?","targetRectangle":{"y":401.780002117157,"x":135.9800002010663,"width":210.307177734375,"height":53.38799867630007}},{"text":"And know what’s good?","targetRectangle":{"y":456.120002746582,"x":135.9800002010663,"width":306.8430175781251,"height":53.38799867630007}},{"text":"And align with standards?","targetRectangle":{"y":510.4600033760071,"x":135.9800002010663,"width":333.2433105468751,"height":53.38799867630007}},{"text":"And know if the student actually used it?","targetRectangle":{"y":564.8000040054321,"x":135.9800002010663,"width":519.2673339843752,"height":53.38799867630007}},{"text":"And, and, and …","targetRectangle":{"y":619.1400046348572,"x":135.9800002010663,"width":218.406298828125,"height":53.38799867630007}}],"baseLayer":{"animations":[],"initialState":{"affineTransform":[1,0,0,1,0,0],"masksToBounds":true,"rotation":0,"scale":1,"position":{"pointX":512,"pointY":384},"width":1024,"sublayerTransform":[1,0,0,0,0,1,0,0,0,0,1,0,0,0,0,1],"contentsRect":{"y":0,"x":0,"width":1,"height":1},"opacity":1,"edgeAntialiasingMask":0,"height":768,"hidden":false,"anchorPoint":{"pointX":0.5,"pointY":0.5}},"objectID":0,"layers":[{"animations":[],"initialState":{"affineTransform":[1,0,0,1,0,0],"masksToBounds":false,"rotation":0,"scale":1,"position":{"pointX":512,"pointY":384},"width":1024,"sublayerTransform":[1,0,0,0,0,1,0,0,0,0,1,-0.0004922987690640373,0,0,0,1],"contentsRect":{"y":0,"x":0,"width":1,"height":1},"opacity":1,"edgeAntialiasingMask":15,"height":768,"hidden":false,"anchorPoint":{"pointX":0.5,"pointY":0.5}},"layers":[{"animations":[],"layers":[],"initialState":{"affineTransform":[1,0,0,1,0,0],"masksToBounds":false,"rotation":0,"scale":1,"position":{"pointX":512,"pointY":384},"width":1024,"sublayerTransform":[1,0,0,0,0,1,0,0,0,0,1,0,0,0,0,1],"contentsRect":{"y":0,"x":0,"width":1,"height":1},"opacity":1,"edgeAntialiasingMask":0,"height":768,"hidden":false,"anchorPoint":{"pointX":0.5,"pointY":0.5}},"texture":"B75FCAACEBB95E0662C4B9C727285062"},{"animations":[{"from":{"scalar":1},"beginTime":0,"repeatCount":0,"fillMode":"both","property":"opacity","duration":0.75,"timingFunction":"easeInEaseOut","to":{"scalar":0}}],"layers":[],"initialState":{"affineTransform":[1,0,0,1,0,0],"masksToBounds":false,"rotation":0,"scale":1,"position":{"pointX":512,"pointY":384},"width":1024,"sublayerTransform":[1,0,0,0,0,1,0,0,0,0,1,0,0,0,0,1],"contentsRect":{"y":0,"x":0,"width":1,"height":1},"opacity":1,"edgeAntialiasingMask":0,"height":768,"hidden":false,"anchorPoint":{"pointX":0.5,"pointY":0.5}},"texture":"6377361A9E8AD1316E1A5EDC85A62121"}]}]}}]}