{"assets":{"184EBF14928D9097B2C7CCF21C4E57AD":{"type":"texture","assetRequest":{"type":"slide","state":"outgoing","slide":"7DA60F51-B217-4019-914B-94750B4C2D8D"},"url":"assets/184EBF14928D9097B2C7CCF21C4E57AD.svg","width":1024,"height":768},"6834B4276F0D2169FDCCEBC82EA1C179":{"type":"texture","assetRequest":{"type":"slide","state":"incoming","slide":"EA776B4D-839C-450B-A002-E67CFB00DC52"},"url":"assets/6834B4276F0D2169FDCCEBC82EA1C179.svg","width":1024,"height":768}},"events":[{"effects":[{"beginTime":0,"baseLayer":{"animations":[],"initialState":{"affineTransform":[1,0,0,1,0,0],"masksToBounds":true,"rotation":0,"scale":1,"position":{"pointX":512,"pointY":384},"width":1024,"sublayerTransform":[1,0,0,0,0,1,0,0,0,0,1,0,0,0,0,1],"contentsRect":{"y":0,"x":0,"width":1,"height":1},"opacity":1,"edgeAntialiasingMask":0,"height":768,"hidden":false,"anchorPoint":{"pointX":0.5,"pointY":0.5}},"objectID":0,"layers":[{"animations":[],"initialState":{"affineTransform":[1,0,0,1,0,0],"masksToBounds":false,"rotation":0,"scale":1,"position":{"pointX":512,"pointY":384},"width":1024,"sublayerTransform":[1,0,0,0,0,1,0,0,0,0,1,-0.0004922987690640373,0,0,0,1],"contentsRect":{"y":0,"x":0,"width":1,"height":1},"opacity":1,"edgeAntialiasingMask":15,"height":768,"hidden":false,"anchorPoint":{"pointX":0.5,"pointY":0.5}},"layers":[{"animations":[],"layers":[],"initialState":{"affineTransform":[1,0,0,1,0,0],"masksToBounds":false,"rotation":0,"scale":1,"position":{"pointX":512,"pointY":384},"width":1024,"sublayerTransform":[1,0,0,0,0,1,0,0,0,0,1,0,0,0,0,1],"contentsRect":{"y":0,"x":0,"width":1,"height":1},"opacity":1,"edgeAntialiasingMask":0,"height":768,"hidden":false,"anchorPoint":{"pointX":0.5,"pointY":0.5}},"texture":"6834B4276F0D2169FDCCEBC82EA1C179"},{"animations":[{"from":{"scalar":1},"beginTime":0,"repeatCount":0,"fillMode":"both","property":"opacity","duration":0.75,"timingFunction":"easeInEaseOut","to":{"scalar":0}}],"layers":[],"initialState":{"affineTransform":[1,0,0,1,0,0],"masksToBounds":false,"rotation":0,"scale":1,"position":{"pointX":512,"pointY":384},"width":1024,"sublayerTransform":[1,0,0,0,0,1,0,0,0,0,1,0,0,0,0,1],"contentsRect":{"y":0,"x":0,"width":1,"height":1},"opacity":1,"edgeAntialiasingMask":0,"height":768,"hidden":false,"anchorPoint":{"pointX":0.5,"pointY":0.5}},"texture":"184EBF14928D9097B2C7CCF21C4E57AD"}]}]},"effects":[],"duration":0.75,"type":"transition","attributes":{"direction":13},"name":"apple:wipe","objectID":0}],"automaticPlay":false,"hyperlinks":[],"accessibility":[{"text":"My Dream, ","targetRectangle":{"y":9,"x":370.2609646879138,"width":298.7157034713028,"height":52.4794140625}},{"text":"A Learning Content Delivery system …","targetRectangle":{"y":57.75205734254327,"x":102.215706563741,"width":834.8062197196482,"height":101.2314714050433}},{"text":"Reveals student learning needs in the context of learning objectives","targetRectangle":{"y":217,"x":96.53999908341302,"width":742.4409374999999,"height":65.04603515625001}},{"text":"Reveals appropriate learning content to match the need","targetRectangle":{"y":283,"x":96.53999908341302,"width":718.1219531250001,"height":74.16603528022767}},{"text":"Makes it easy to assign content to a student in an accountable way","targetRectangle":{"y":358.1200001239777,"x":96.53999908341302,"width":812.1230859375,"height":107.1660352802277}},{"text":"I’ve heard that quick reviews are good for accountability and retention","targetRectangle":{"y":466.2400002479553,"x":130.5399989422162,"width":746.9876953124992,"height":45.0250293493271}},{"text":"Provides tools to collaborate with evaluations, additions and comments","targetRectangle":{"y":512.0600003004074,"x":96.53999908341302,"width":779.6882812499999,"height":107.1660352802277}},{"text":"And when the student logs in, he or she knows what to do","targetRectangle":{"y":620.1800004243851,"x":96.53999908341302,"width":745.6730273437502,"height":74.16603528022767}}],"baseLayer":{"animations":[],"initialState":{"affineTransform":[1,0,0,1,0,0],"masksToBounds":true,"rotation":0,"scale":1,"position":{"pointX":512,"pointY":384},"width":1024,"sublayerTransform":[1,0,0,0,0,1,0,0,0,0,1,0,0,0,0,1],"contentsRect":{"y":0,"x":0,"width":1,"height":1},"opacity":1,"edgeAntialiasingMask":0,"height":768,"hidden":false,"anchorPoint":{"pointX":0.5,"pointY":0.5}},"objectID":0,"layers":[{"animations":[],"initialState":{"affineTransform":[1,0,0,1,0,0],"masksToBounds":false,"rotation":0,"scale":1,"position":{"pointX":512,"pointY":384},"width":1024,"sublayerTransform":[1,0,0,0,0,1,0,0,0,0,1,-0.0004922987690640373,0,0,0,1],"contentsRect":{"y":0,"x":0,"width":1,"height":1},"opacity":1,"edgeAntialiasingMask":15,"height":768,"hidden":false,"anchorPoint":{"pointX":0.5,"pointY":0.5}},"layers":[{"animations":[],"layers":[],"initialState":{"affineTransform":[1,0,0,1,0,0],"masksToBounds":false,"rotation":0,"scale":1,"position":{"pointX":512,"pointY":384},"width":1024,"sublayerTransform":[1,0,0,0,0,1,0,0,0,0,1,0,0,0,0,1],"contentsRect":{"y":0,"x":0,"width":1,"height":1},"opacity":1,"edgeAntialiasingMask":0,"height":768,"hidden":false,"anchorPoint":{"pointX":0.5,"pointY":0.5}},"texture":"6834B4276F0D2169FDCCEBC82EA1C179"},{"animations":[{"from":{"scalar":1},"beginTime":0,"repeatCount":0,"fillMode":"both","property":"opacity","duration":0.75,"timingFunction":"easeInEaseOut","to":{"scalar":0}}],"layers":[],"initialState":{"affineTransform":[1,0,0,1,0,0],"masksToBounds":false,"rotation":0,"scale":1,"position":{"pointX":512,"pointY":384},"width":1024,"sublayerTransform":[1,0,0,0,0,1,0,0,0,0,1,0,0,0,0,1],"contentsRect":{"y":0,"x":0,"width":1,"height":1},"opacity":1,"edgeAntialiasingMask":0,"height":768,"hidden":false,"anchorPoint":{"pointX":0.5,"pointY":0.5}},"texture":"184EBF14928D9097B2C7CCF21C4E57AD"}]}]}}]}