{"assets":{"2C19ADA62B01E4127048B0A2C1D328ED":{"type":"texture","assetRequest":{"type":"slide","state":"incoming","slide":"175F7D50-A2BC-45FE-B845-30B060AD2BC1"},"url":"assets/2C19ADA62B01E4127048B0A2C1D328ED.svg","width":1024,"height":768},"0946744A86C588A5EC383960028C3A5F":{"type":"texture","assetRequest":{"type":"slide","state":"outgoing","slide":"0C2957D1-1FC8-4F4D-8F7A-636763B7F1EF"},"url":"assets/0946744A86C588A5EC383960028C3A5F.svg","width":1024,"height":768}},"events":[{"effects":[{"beginTime":0,"baseLayer":{"animations":[],"initialState":{"affineTransform":[1,0,0,1,0,0],"masksToBounds":true,"rotation":0,"scale":1,"position":{"pointX":512,"pointY":384},"width":1024,"sublayerTransform":[1,0,0,0,0,1,0,0,0,0,1,0,0,0,0,1],"contentsRect":{"y":0,"x":0,"width":1,"height":1},"opacity":1,"edgeAntialiasingMask":0,"height":768,"hidden":false,"anchorPoint":{"pointX":0.5,"pointY":0.5}},"objectID":0,"layers":[{"animations":[],"initialState":{"affineTransform":[1,0,0,1,0,0],"masksToBounds":false,"rotation":0,"scale":1,"position":{"pointX":512,"pointY":384},"width":1024,"sublayerTransform":[1,0,0,0,0,1,0,0,0,0,1,-0.0004922987690640373,0,0,0,1],"contentsRect":{"y":0,"x":0,"width":1,"height":1},"opacity":1,"edgeAntialiasingMask":15,"height":768,"hidden":false,"anchorPoint":{"pointX":0.5,"pointY":0.5}},"layers":[{"animations":[],"layers":[],"initialState":{"affineTransform":[1,0,0,1,0,0],"masksToBounds":false,"rotation":0,"scale":1,"position":{"pointX":512,"pointY":384},"width":1024,"sublayerTransform":[1,0,0,0,0,1,0,0,0,0,1,0,0,0,0,1],"contentsRect":{"y":0,"x":0,"width":1,"height":1},"opacity":1,"edgeAntialiasingMask":0,"height":768,"hidden":false,"anchorPoint":{"pointX":0.5,"pointY":0.5}},"texture":"2C19ADA62B01E4127048B0A2C1D328ED"},{"animations":[{"from":{"scalar":1},"beginTime":0,"repeatCount":0,"fillMode":"both","property":"opacity","duration":0.75,"timingFunction":"easeInEaseOut","to":{"scalar":0}}],"layers":[],"initialState":{"affineTransform":[1,0,0,1,0,0],"masksToBounds":false,"rotation":0,"scale":1,"position":{"pointX":512,"pointY":384},"width":1024,"sublayerTransform":[1,0,0,0,0,1,0,0,0,0,1,0,0,0,0,1],"contentsRect":{"y":0,"x":0,"width":1,"height":1},"opacity":1,"edgeAntialiasingMask":0,"height":768,"hidden":false,"anchorPoint":{"pointX":0.5,"pointY":0.5}},"texture":"0946744A86C588A5EC383960028C3A5F"}]}]},"effects":[],"duration":0.75,"type":"transition","attributes":{"direction":13},"name":"apple:wipe","objectID":0}],"automaticPlay":false,"hyperlinks":[],"accessibility":[{"text":"Some brief context about Flipped Classroom","targetRectangle":{"y":129,"x":102.9999990463257,"width":710.349609375,"height":40.822265625}},{"text":"Conversation with my school teacher niece","targetRectangle":{"y":171,"x":102.9999990463257,"width":684.333984375,"height":92.822265625}},{"text":"Delegating primary information delivery to technology","targetRectangle":{"y":265,"x":102.9999990463257,"width":848.42578125,"height":92.822265625}},{"text":"Individualized education: the end of grade levels","targetRectangle":{"y":359,"x":102.9999990463257,"width":768.533203125,"height":92.822265625}},{"text":"How cool this is for special needs students","targetRectangle":{"y":453,"x":102.9999990463257,"width":678.33984375,"height":92.822265625}},{"text":"I am humbled by your observations","targetRectangle":{"y":547,"x":102.9999990463257,"width":560.28515625,"height":92.822265625}},{"text":"ashlee.png","targetRectangle":{"y":168.9992295839754,"x":804.0500770416025,"width":107.7861175537109,"height":154.8202362060547}}],"baseLayer":{"animations":[],"initialState":{"affineTransform":[1,0,0,1,0,0],"masksToBounds":true,"rotation":0,"scale":1,"position":{"pointX":512,"pointY":384},"width":1024,"sublayerTransform":[1,0,0,0,0,1,0,0,0,0,1,0,0,0,0,1],"contentsRect":{"y":0,"x":0,"width":1,"height":1},"opacity":1,"edgeAntialiasingMask":0,"height":768,"hidden":false,"anchorPoint":{"pointX":0.5,"pointY":0.5}},"objectID":0,"layers":[{"animations":[],"initialState":{"affineTransform":[1,0,0,1,0,0],"masksToBounds":false,"rotation":0,"scale":1,"position":{"pointX":512,"pointY":384},"width":1024,"sublayerTransform":[1,0,0,0,0,1,0,0,0,0,1,-0.0004922987690640373,0,0,0,1],"contentsRect":{"y":0,"x":0,"width":1,"height":1},"opacity":1,"edgeAntialiasingMask":15,"height":768,"hidden":false,"anchorPoint":{"pointX":0.5,"pointY":0.5}},"layers":[{"animations":[],"layers":[],"initialState":{"affineTransform":[1,0,0,1,0,0],"masksToBounds":false,"rotation":0,"scale":1,"position":{"pointX":512,"pointY":384},"width":1024,"sublayerTransform":[1,0,0,0,0,1,0,0,0,0,1,0,0,0,0,1],"contentsRect":{"y":0,"x":0,"width":1,"height":1},"opacity":1,"edgeAntialiasingMask":0,"height":768,"hidden":false,"anchorPoint":{"pointX":0.5,"pointY":0.5}},"texture":"2C19ADA62B01E4127048B0A2C1D328ED"},{"animations":[{"from":{"scalar":1},"beginTime":0,"repeatCount":0,"fillMode":"both","property":"opacity","duration":0.75,"timingFunction":"easeInEaseOut","to":{"scalar":0}}],"layers":[],"initialState":{"affineTransform":[1,0,0,1,0,0],"masksToBounds":false,"rotation":0,"scale":1,"position":{"pointX":512,"pointY":384},"width":1024,"sublayerTransform":[1,0,0,0,0,1,0,0,0,0,1,0,0,0,0,1],"contentsRect":{"y":0,"x":0,"width":1,"height":1},"opacity":1,"edgeAntialiasingMask":0,"height":768,"hidden":false,"anchorPoint":{"pointX":0.5,"pointY":0.5}},"texture":"0946744A86C588A5EC383960028C3A5F"}]}]}}]}