{"assets":{"26D02B8F30F300BC5D36BA52BA3D9176":{"type":"texture","assetRequest":{"type":"slide","state":"contents","slide":"720F21C6-0A79-496F-8801-A660FC9E8F24"},"url":"assets/26D02B8F30F300BC5D36BA52BA3D9176.svg","width":860,"height":313},"D8CE7FFE207C1D8439A05951E2FBF6C1":{"type":"texture","assetRequest":{"type":"slide","state":"contents","slide":"720F21C6-0A79-496F-8801-A660FC9E8F24"},"url":"assets/D8CE7FFE207C1D8439A05951E2FBF6C1.svg","width":1024,"height":768},"7DBA97810E36DC5C1E81EE25C433F7F3":{"type":"texture","assetRequest":{"type":"slide","state":"contents","slide":"720F21C6-0A79-496F-8801-A660FC9E8F24"},"url":"assets/7DBA97810E36DC5C1E81EE25C433F7F3.svg","width":407,"height":48},"9F235BDACB0E09D0C35BC8AED63F2B96":{"type":"texture","assetRequest":{"type":"slide","state":"incoming","slide":"82430A1F-FBD8-4BC4-B9B8-D62EF3271ADF"},"url":"assets/9F235BDACB0E09D0C35BC8AED63F2B96.svg","width":1024,"height":768},"96B361B4ACCC94B8E5CD4F5BD830178D":{"type":"texture","assetRequest":{"type":"slide","state":"outgoing","slide":"720F21C6-0A79-496F-8801-A660FC9E8F24"},"url":"assets/96B361B4ACCC94B8E5CD4F5BD830178D.svg","width":1024,"height":768},"F828E633956444A6D747F697C8F3CA6E":{"type":"texture","assetRequest":{"type":"slide","state":"contents","slide":"720F21C6-0A79-496F-8801-A660FC9E8F24"},"url":"assets/F828E633956444A6D747F697C8F3CA6E.svg","width":585,"height":37}},"events":[{"effects":[{"beginTime":0,"baseLayer":{"animations":[],"initialState":{"affineTransform":[1,0,0,1,0,0],"masksToBounds":false,"rotation":0,"scale":1,"position":{"pointX":512,"pointY":613.5537109375},"width":590.0879859924316,"sublayerTransform":[1,0,0,0,0,1,0,0,0,0,1,0,0,0,0,1],"contentsRect":{"y":0,"x":0,"width":1,"height":1},"opacity":1,"edgeAntialiasingMask":15,"height":47.99999892711639,"hidden":false,"anchorPoint":{"pointX":0.5,"pointY":0.5}},"objectID":0,"layers":[{"animations":[],"initialState":{"affineTransform":[1,0,0,1,0,0],"masksToBounds":false,"rotation":0,"scale":1,"position":{"pointX":295.0439929962158,"pointY":-205.5537114739418},"width":590.0879859924316,"sublayerTransform":[1,0,0,0,0,1,0,0,0,0,1,-0.0004922987690640373,0,0,0,1],"contentsRect":{"y":0,"x":0,"width":1,"height":1},"opacity":1,"edgeAntialiasingMask":15,"height":47.99999892711639,"hidden":false,"anchorPoint":{"pointX":0.5,"pointY":-4.282369084758862}},"layers":[{"animations":[{"repeatCount":0,"animations":[{"timingFunctions":[{"timingFunction":"custom","timingControlPoint1y":0.312141627073288,"timingControlPoint2x":0.7148821949958801,"timingControlPoint1x":0.299389660358429,"timingControlPoint2y":0.7628659009933472},{"timingFunction":"custom","timingControlPoint1y":0.9692628383636475,"timingControlPoint2x":0.6250768899917603,"timingControlPoint1x":0.4883581101894379,"timingControlPoint2y":1}],"values":[{"pointX":296.5439929962158,"pointY":-612.607421875},{"pointX":296.5439929962158,"pointY":49.26628854215145},{"pointX":296.5439929962158,"pointY":26.9462885260582}],"beginTime":0,"repeatCount":0,"keyTimes":[0,0.7218749999999999,1],"property":"position","fillMode":"both","duration":2.25},{"from":{"scalar":false},"beginTime":0,"repeatCount":0,"fillMode":"forwards","property":"hidden","duration":2.25,"to":{"scalar":false}}],"beginTime":1e-100,"fillMode":"both","duration":2.25}],"layers":[],"initialState":{"affineTransform":[1,0,0,1,0,0],"masksToBounds":false,"rotation":0,"scale":1,"position":{"pointX":296.5439929962158,"pointY":26.9462885260582},"width":585,"sublayerTransform":[1,0,0,0,0,1,0,0,0,0,1,0,0,0,0,1],"contentsRect":{"y":0,"x":0,"width":1,"height":1},"opacity":1,"edgeAntialiasingMask":0,"height":37,"hidden":true,"anchorPoint":{"pointX":0.5,"pointY":0.5}},"texture":"F828E633956444A6D747F697C8F3CA6E"}]}]},"effects":[],"duration":2.25,"type":"buildIn","name":"apple:move in character","objectID":0}],"automaticPlay":false,"hyperlinks":[],"accessibility":[{"text":"Delegate primary information delivery to technology","targetRectangle":{"y":217,"x":102.9999990463257,"width":820.40625,"height":40.822265625}},{"text":"Integrate continuous assessment into learning content selection","targetRectangle":{"y":259,"x":102.9999990463257,"width":744.451171875,"height":134.822265625}},{"text":"Free teacher to become a coach for individualized experiences","targetRectangle":{"y":395,"x":102.9999990463257,"width":806.44921875,"height":134.822265625}},{"text":"The Big idea","targetRectangle":{"y":52,"x":310.0554684996605,"width":403.889063000679,"height":63.16796875}}],"baseLayer":{"animations":[],"initialState":{"affineTransform":[1,0,0,1,0,0],"masksToBounds":true,"rotation":0,"scale":1,"position":{"pointX":512,"pointY":384},"width":1024,"sublayerTransform":[1,0,0,0,0,1,0,0,0,0,1,0,0,0,0,1],"contentsRect":{"y":0,"x":0,"width":1,"height":1},"opacity":1,"edgeAntialiasingMask":0,"height":768,"hidden":false,"anchorPoint":{"pointX":0.5,"pointY":0.5}},"layers":[{"animations":[],"initialState":{"affineTransform":[1,0,0,1,0,0],"masksToBounds":false,"rotation":0,"scale":1,"position":{"pointX":512,"pointY":384},"width":1024,"sublayerTransform":[1,0,0,0,0,1,0,0,0,0,1,0,0,0,0,1],"contentsRect":{"y":0,"x":0,"width":1,"height":1},"opacity":1,"edgeAntialiasingMask":15,"height":768,"hidden":false,"anchorPoint":{"pointX":0.5,"pointY":0.5}},"layers":[{"animations":[],"initialState":{"affineTransform":[1,0,0,1,0,0],"masksToBounds":false,"rotation":0,"scale":1,"position":{"pointX":512,"pointY":384},"width":1024,"sublayerTransform":[1,0,0,0,0,1,0,0,0,0,1,0,0,0,0,1],"contentsRect":{"y":0,"x":0,"width":1,"height":1},"opacity":1,"edgeAntialiasingMask":15,"height":768,"hidden":false,"anchorPoint":{"pointX":0.5,"pointY":0.5}},"layers":[{"animations":[],"layers":[],"initialState":{"affineTransform":[1,0,0,1,0,0],"masksToBounds":false,"rotation":0,"scale":1,"position":{"pointX":512,"pointY":384},"width":1024,"sublayerTransform":[1,0,0,0,0,1,0,0,0,0,1,0,0,0,0,1],"contentsRect":{"y":0,"x":0,"width":1,"height":1},"opacity":1,"edgeAntialiasingMask":0,"height":768,"hidden":false,"anchorPoint":{"pointX":0.5,"pointY":0.5}},"texture":"D8CE7FFE207C1D8439A05951E2FBF6C1"}]}]},{"animations":[],"initialState":{"affineTransform":[1,0,0,1,0,0],"masksToBounds":false,"rotation":0,"scale":1,"position":{"pointX":512,"pointY":384},"width":1024,"sublayerTransform":[1,0,0,0,0,1,0,0,0,0,1,0,0,0,0,1],"contentsRect":{"y":0,"x":0,"width":1,"height":1},"opacity":1,"edgeAntialiasingMask":15,"height":768,"hidden":false,"anchorPoint":{"pointX":0.5,"pointY":0.5}},"layers":[{"animations":[],"initialState":{"affineTransform":[1,0,0,1,0,0],"masksToBounds":false,"rotation":0,"scale":1,"position":{"pointX":511.999979019165,"pointY":84.0000011920929},"width":893.9999580383301,"sublayerTransform":[1,0,0,0,0,1,0,0,0,0,1,0,0,0,0,1],"contentsRect":{"y":0,"x":0,"width":1,"height":1},"opacity":1,"edgeAntialiasingMask":15,"height":160.0000023841858,"hidden":false,"anchorPoint":{"pointX":0.5,"pointY":0.5}},"layers":[{"animations":[],"layers":[],"initialState":{"affineTransform":[1,0,0,1,0,0],"masksToBounds":false,"rotation":0,"scale":1,"position":{"pointX":446.5,"pointY":77},"width":407,"sublayerTransform":[1,0,0,0,0,1,0,0,0,0,1,0,0,0,0,1],"contentsRect":{"y":0,"x":0,"width":1,"height":1},"opacity":1,"edgeAntialiasingMask":0,"height":48,"hidden":false,"anchorPoint":{"pointX":0.5,"pointY":0.5}},"texture":"7DBA97810E36DC5C1E81EE25C433F7F3"}]}]},{"animations":[],"initialState":{"affineTransform":[1,0,0,1,0,0],"masksToBounds":false,"rotation":0,"scale":1,"position":{"pointX":512,"pointY":384},"width":1024,"sublayerTransform":[1,0,0,0,0,1,0,0,0,0,1,0,0,0,0,1],"contentsRect":{"y":0,"x":0,"width":1,"height":1},"opacity":1,"edgeAntialiasingMask":15,"height":768,"hidden":false,"anchorPoint":{"pointX":0.5,"pointY":0.5}},"layers":[{"animations":[],"initialState":{"affineTransform":[1,0,0,1,0,0],"masksToBounds":false,"rotation":0,"scale":1,"position":{"pointX":511.999979019165,"pointY":458.0000047683716},"width":893.9999580383301,"sublayerTransform":[1,0,0,0,0,1,0,0,0,0,1,0,0,0,0,1],"contentsRect":{"y":0,"x":0,"width":1,"height":1},"opacity":1,"edgeAntialiasingMask":15,"height":490.0000095367432,"hidden":false,"anchorPoint":{"pointX":0.5,"pointY":0.5}},"layers":[{"animations":[],"layers":[],"initialState":{"affineTransform":[1,0,0,1,0,0],"masksToBounds":false,"rotation":0,"scale":1,"position":{"pointX":433,"pointY":163.5},"width":860,"sublayerTransform":[1,0,0,0,0,1,0,0,0,0,1,0,0,0,0,1],"contentsRect":{"y":0,"x":0,"width":1,"height":1},"opacity":1,"edgeAntialiasingMask":0,"height":313,"hidden":false,"anchorPoint":{"pointX":0.5,"pointY":0.5}},"texture":"26D02B8F30F300BC5D36BA52BA3D9176"}]}]},{"animations":[],"initialState":{"affineTransform":[1,0,0,1,0,0],"masksToBounds":false,"rotation":0,"scale":1,"position":{"pointX":512,"pointY":384},"width":1024,"sublayerTransform":[1,0,0,0,0,1,0,0,0,0,1,0,0,0,0,1],"contentsRect":{"y":0,"x":0,"width":1,"height":1},"opacity":1,"edgeAntialiasingMask":15,"height":768,"hidden":false,"anchorPoint":{"pointX":0.5,"pointY":0.5}},"layers":[{"animations":[],"initialState":{"affineTransform":[1,0,0,1,0,0],"masksToBounds":false,"rotation":0,"scale":1,"position":{"pointX":512,"pointY":613.5537109375},"width":590.0879859924316,"sublayerTransform":[1,0,0,0,0,1,0,0,0,0,1,0,0,0,0,1],"contentsRect":{"y":0,"x":0,"width":1,"height":1},"opacity":1,"edgeAntialiasingMask":15,"height":47.99999892711639,"hidden":false,"anchorPoint":{"pointX":0.5,"pointY":0.5}},"objectID":0,"layers":[{"animations":[],"layers":[],"initialState":{"affineTransform":[1,0,0,1,0,0],"masksToBounds":false,"rotation":0,"scale":1,"position":{"pointX":296.5439929962158,"pointY":26.9462885260582},"width":585,"sublayerTransform":[1,0,0,0,0,1,0,0,0,0,1,0,0,0,0,1],"contentsRect":{"y":0,"x":0,"width":1,"height":1},"opacity":1,"edgeAntialiasingMask":0,"height":37,"hidden":true,"anchorPoint":{"pointX":0.5,"pointY":0.5}},"texture":"F828E633956444A6D747F697C8F3CA6E"}]}]}]}},{"effects":[{"beginTime":0,"baseLayer":{"animations":[],"initialState":{"affineTransform":[1,0,0,1,0,0],"masksToBounds":true,"rotation":0,"scale":1,"position":{"pointX":512,"pointY":384},"width":1024,"sublayerTransform":[1,0,0,0,0,1,0,0,0,0,1,0,0,0,0,1],"contentsRect":{"y":0,"x":0,"width":1,"height":1},"opacity":1,"edgeAntialiasingMask":0,"height":768,"hidden":false,"anchorPoint":{"pointX":0.5,"pointY":0.5}},"objectID":0,"layers":[{"animations":[],"initialState":{"affineTransform":[1,0,0,1,0,0],"masksToBounds":false,"rotation":0,"scale":1,"position":{"pointX":512,"pointY":384},"width":1024,"sublayerTransform":[1,0,0,0,0,1,0,0,0,0,1,-0.0004922987690640373,0,0,0,1],"contentsRect":{"y":0,"x":0,"width":1,"height":1},"opacity":1,"edgeAntialiasingMask":15,"height":768,"hidden":false,"anchorPoint":{"pointX":0.5,"pointY":0.5}},"layers":[{"animations":[],"layers":[],"initialState":{"affineTransform":[1,0,0,1,0,0],"masksToBounds":false,"rotation":0,"scale":1,"position":{"pointX":512,"pointY":384},"width":1024,"sublayerTransform":[1,0,0,0,0,1,0,0,0,0,1,0,0,0,0,1],"contentsRect":{"y":0,"x":0,"width":1,"height":1},"opacity":1,"edgeAntialiasingMask":0,"height":768,"hidden":false,"anchorPoint":{"pointX":0.5,"pointY":0.5}},"texture":"9F235BDACB0E09D0C35BC8AED63F2B96"},{"animations":[{"from":{"scalar":1},"beginTime":0,"repeatCount":0,"fillMode":"both","property":"opacity","duration":0.75,"timingFunction":"easeInEaseOut","to":{"scalar":0}}],"layers":[],"initialState":{"affineTransform":[1,0,0,1,0,0],"masksToBounds":false,"rotation":0,"scale":1,"position":{"pointX":512,"pointY":384},"width":1024,"sublayerTransform":[1,0,0,0,0,1,0,0,0,0,1,0,0,0,0,1],"contentsRect":{"y":0,"x":0,"width":1,"height":1},"opacity":1,"edgeAntialiasingMask":0,"height":768,"hidden":false,"anchorPoint":{"pointX":0.5,"pointY":0.5}},"texture":"96B361B4ACCC94B8E5CD4F5BD830178D"}]}]},"effects":[],"duration":0.75,"type":"transition","attributes":{"direction":13},"name":"apple:wipe","objectID":0}],"automaticPlay":false,"hyperlinks":[],"accessibility":[{"text":"Don’t even say it. I told you. This is a dream.","targetRectangle":{"y":593.5537114739418,"x":221.4560070037842,"width":581.0880000000001,"height":48.00000190734863}},{"text":"Delegate primary information delivery to technology","targetRectangle":{"y":217,"x":102.9999990463257,"width":820.40625,"height":40.822265625}},{"text":"Integrate continuous assessment into learning content selection","targetRectangle":{"y":259,"x":102.9999990463257,"width":744.451171875,"height":134.822265625}},{"text":"Free teacher to become a coach for individualized experiences","targetRectangle":{"y":395,"x":102.9999990463257,"width":806.44921875,"height":134.822265625}},{"text":"The Big idea","targetRectangle":{"y":52,"x":310.0554684996605,"width":403.889063000679,"height":63.16796875}}],"baseLayer":{"animations":[],"initialState":{"affineTransform":[1,0,0,1,0,0],"masksToBounds":true,"rotation":0,"scale":1,"position":{"pointX":512,"pointY":384},"width":1024,"sublayerTransform":[1,0,0,0,0,1,0,0,0,0,1,0,0,0,0,1],"contentsRect":{"y":0,"x":0,"width":1,"height":1},"opacity":1,"edgeAntialiasingMask":0,"height":768,"hidden":false,"anchorPoint":{"pointX":0.5,"pointY":0.5}},"objectID":0,"layers":[{"animations":[],"initialState":{"affineTransform":[1,0,0,1,0,0],"masksToBounds":false,"rotation":0,"scale":1,"position":{"pointX":512,"pointY":384},"width":1024,"sublayerTransform":[1,0,0,0,0,1,0,0,0,0,1,-0.0004922987690640373,0,0,0,1],"contentsRect":{"y":0,"x":0,"width":1,"height":1},"opacity":1,"edgeAntialiasingMask":15,"height":768,"hidden":false,"anchorPoint":{"pointX":0.5,"pointY":0.5}},"layers":[{"animations":[],"layers":[],"initialState":{"affineTransform":[1,0,0,1,0,0],"masksToBounds":false,"rotation":0,"scale":1,"position":{"pointX":512,"pointY":384},"width":1024,"sublayerTransform":[1,0,0,0,0,1,0,0,0,0,1,0,0,0,0,1],"contentsRect":{"y":0,"x":0,"width":1,"height":1},"opacity":1,"edgeAntialiasingMask":0,"height":768,"hidden":false,"anchorPoint":{"pointX":0.5,"pointY":0.5}},"texture":"9F235BDACB0E09D0C35BC8AED63F2B96"},{"animations":[{"from":{"scalar":1},"beginTime":0,"repeatCount":0,"fillMode":"both","property":"opacity","duration":0.75,"timingFunction":"easeInEaseOut","to":{"scalar":0}}],"layers":[],"initialState":{"affineTransform":[1,0,0,1,0,0],"masksToBounds":false,"rotation":0,"scale":1,"position":{"pointX":512,"pointY":384},"width":1024,"sublayerTransform":[1,0,0,0,0,1,0,0,0,0,1,0,0,0,0,1],"contentsRect":{"y":0,"x":0,"width":1,"height":1},"opacity":1,"edgeAntialiasingMask":0,"height":768,"hidden":false,"anchorPoint":{"pointX":0.5,"pointY":0.5}},"texture":"96B361B4ACCC94B8E5CD4F5BD830178D"}]}]}}]}