{"assets":{"B1446B593EBCD2DB1F3C8EF1A9AFCE22":{"type":"texture","assetRequest":{"type":"slide","state":"incoming","slide":"39C079C1-198A-4FF7-915B-2C6B9F9B1029"},"url":"assets/B1446B593EBCD2DB1F3C8EF1A9AFCE22.svg","width":1024,"height":768},"2C19ADA62B01E4127048B0A2C1D328ED":{"type":"texture","assetRequest":{"type":"slide","state":"outgoing","slide":"175F7D50-A2BC-45FE-B845-30B060AD2BC1"},"url":"assets/2C19ADA62B01E4127048B0A2C1D328ED.svg","width":1024,"height":768}},"events":[{"effects":[{"beginTime":0,"baseLayer":{"animations":[],"initialState":{"affineTransform":[1,0,0,1,0,0],"masksToBounds":true,"rotation":0,"scale":1,"position":{"pointX":512,"pointY":384},"width":1024,"sublayerTransform":[1,0,0,0,0,1,0,0,0,0,1,0,0,0,0,1],"contentsRect":{"y":0,"x":0,"width":1,"height":1},"opacity":1,"edgeAntialiasingMask":0,"height":768,"hidden":false,"anchorPoint":{"pointX":0.5,"pointY":0.5}},"objectID":0,"layers":[{"animations":[],"initialState":{"affineTransform":[1,0,0,1,0,0],"masksToBounds":false,"rotation":0,"scale":1,"position":{"pointX":512,"pointY":384},"width":1024,"sublayerTransform":[1,0,0,0,0,1,0,0,0,0,1,-0.0004922987690640373,0,0,0,1],"contentsRect":{"y":0,"x":0,"width":1,"height":1},"opacity":1,"edgeAntialiasingMask":15,"height":768,"hidden":false,"anchorPoint":{"pointX":0.5,"pointY":0.5}},"layers":[{"animations":[],"layers":[],"initialState":{"affineTransform":[1,0,0,1,0,0],"masksToBounds":false,"rotation":0,"scale":1,"position":{"pointX":512,"pointY":384},"width":1024,"sublayerTransform":[1,0,0,0,0,1,0,0,0,0,1,0,0,0,0,1],"contentsRect":{"y":0,"x":0,"width":1,"height":1},"opacity":1,"edgeAntialiasingMask":0,"height":768,"hidden":false,"anchorPoint":{"pointX":0.5,"pointY":0.5}},"texture":"B1446B593EBCD2DB1F3C8EF1A9AFCE22"},{"animations":[{"from":{"scalar":1},"beginTime":0,"repeatCount":0,"fillMode":"both","property":"opacity","duration":0.75,"timingFunction":"easeInEaseOut","to":{"scalar":0}}],"layers":[],"initialState":{"affineTransform":[1,0,0,1,0,0],"masksToBounds":false,"rotation":0,"scale":1,"position":{"pointX":512,"pointY":384},"width":1024,"sublayerTransform":[1,0,0,0,0,1,0,0,0,0,1,0,0,0,0,1],"contentsRect":{"y":0,"x":0,"width":1,"height":1},"opacity":1,"edgeAntialiasingMask":0,"height":768,"hidden":false,"anchorPoint":{"pointX":0.5,"pointY":0.5}},"texture":"2C19ADA62B01E4127048B0A2C1D328ED"}]}]},"effects":[],"duration":0.75,"type":"transition","attributes":{"direction":13},"name":"apple:wipe","objectID":0}],"automaticPlay":false,"hyperlinks":[{"url":"http://tqwhite.org?F8F4D8","targetRectangle":{"y":695.6666870713234,"x":805.0937480926514,"width":148.201171875,"height":16.80000066757202}},{"url":"http://tqwhite.org?062C5C","targetRectangle":{"y":674.3333130478859,"x":803.3069424629211,"width":146.35546875,"height":16.80000066757202}}],"accessibility":[{"text":"Evidence on Flipping, http://tqwhite.org?F8F4D8","targetRectangle":{"y":695.6666870713234,"x":686.7050762176514,"width":266.58984375,"height":16.80000066757202}},{"text":"Way back in 2005","targetRectangle":{"y":52,"x":239.568749666214,"width":544.862500667572,"height":63.16796875}},{"text":"Two high school chemistry teachers in Colorado","targetRectangle":{"y":217,"x":98.57999888208178,"width":664.9994531250001,"height":34.97537109375}},{"text":"Recorded each other’s lectures","targetRectangle":{"y":253,"x":98.57999888208178,"width":434.0909179687501,"height":80.21537134170535}},{"text":"(Primary info delivery using technology!)","targetRectangle":{"y":334.2400002479553,"x":132.5800002249082,"width":464.1925781250002,"height":49.2861426830292}},{"text":"Homework and projects in class","targetRectangle":{"y":384.3800003528595,"x":98.57999888208178,"width":442.13501953125,"height":80.21537134170535}},{"text":"Teachers became coaches","targetRectangle":{"y":465.6200006008148,"x":132.5800002249082,"width":310.4727539062501,"height":49.2861426830292}},{"text":"Students practice their skills","targetRectangle":{"y":515.760000705719,"x":132.5800002249082,"width":323.4845214843751,"height":49.2861426830292}},{"text":"And students become teachers!","targetRectangle":{"y":565.9000008106232,"x":98.57999888208178,"width":440.48337890625,"height":80.21537134170535}},{"text":"Peer instruction","targetRectangle":{"y":647.1400010585785,"x":132.5800002249082,"width":181.3363769531251,"height":49.2861426830292}},{"text":"About Flip, http://tqwhite.org?062C5C","targetRectangle":{"y":674.3333130478859,"x":741.0042080879211,"width":208.658203125,"height":16.80000066757202}}],"baseLayer":{"animations":[],"initialState":{"affineTransform":[1,0,0,1,0,0],"masksToBounds":true,"rotation":0,"scale":1,"position":{"pointX":512,"pointY":384},"width":1024,"sublayerTransform":[1,0,0,0,0,1,0,0,0,0,1,0,0,0,0,1],"contentsRect":{"y":0,"x":0,"width":1,"height":1},"opacity":1,"edgeAntialiasingMask":0,"height":768,"hidden":false,"anchorPoint":{"pointX":0.5,"pointY":0.5}},"objectID":0,"layers":[{"animations":[],"initialState":{"affineTransform":[1,0,0,1,0,0],"masksToBounds":false,"rotation":0,"scale":1,"position":{"pointX":512,"pointY":384},"width":1024,"sublayerTransform":[1,0,0,0,0,1,0,0,0,0,1,-0.0004922987690640373,0,0,0,1],"contentsRect":{"y":0,"x":0,"width":1,"height":1},"opacity":1,"edgeAntialiasingMask":15,"height":768,"hidden":false,"anchorPoint":{"pointX":0.5,"pointY":0.5}},"layers":[{"animations":[],"layers":[],"initialState":{"affineTransform":[1,0,0,1,0,0],"masksToBounds":false,"rotation":0,"scale":1,"position":{"pointX":512,"pointY":384},"width":1024,"sublayerTransform":[1,0,0,0,0,1,0,0,0,0,1,0,0,0,0,1],"contentsRect":{"y":0,"x":0,"width":1,"height":1},"opacity":1,"edgeAntialiasingMask":0,"height":768,"hidden":false,"anchorPoint":{"pointX":0.5,"pointY":0.5}},"texture":"B1446B593EBCD2DB1F3C8EF1A9AFCE22"},{"animations":[{"from":{"scalar":1},"beginTime":0,"repeatCount":0,"fillMode":"both","property":"opacity","duration":0.75,"timingFunction":"easeInEaseOut","to":{"scalar":0}}],"layers":[],"initialState":{"affineTransform":[1,0,0,1,0,0],"masksToBounds":false,"rotation":0,"scale":1,"position":{"pointX":512,"pointY":384},"width":1024,"sublayerTransform":[1,0,0,0,0,1,0,0,0,0,1,0,0,0,0,1],"contentsRect":{"y":0,"x":0,"width":1,"height":1},"opacity":1,"edgeAntialiasingMask":0,"height":768,"hidden":false,"anchorPoint":{"pointX":0.5,"pointY":0.5}},"texture":"2C19ADA62B01E4127048B0A2C1D328ED"}]}]}}]}