{"assets":{"34104F6EE23CE8D069C8EA0FF914749D":{"type":"texture","assetRequest":{"type":"slide","state":"contents","slide":"90B5F570-F132-44A9-A332-1D18B938298E"},"url":"assets/34104F6EE23CE8D069C8EA0FF914749D.svg","width":21,"height":30},"77D9190B1AEA26E54077A42B4C36CC6D":{"type":"texture","assetRequest":{"type":"slide","state":"contents","slide":"90B5F570-F132-44A9-A332-1D18B938298E"},"url":"assets/77D9190B1AEA26E54077A42B4C36CC6D.svg","width":22,"height":24},"CCFC2038301F9DE78035F416B2E83549":{"type":"texture","assetRequest":{"type":"slide","state":"contents","slide":"90B5F570-F132-44A9-A332-1D18B938298E"},"url":"assets/CCFC2038301F9DE78035F416B2E83549.svg","width":21,"height":30},"355C80EEBC18935472ACA31CBD1A1E64":{"type":"texture","assetRequest":{"type":"slide","state":"contents","slide":"90B5F570-F132-44A9-A332-1D18B938298E"},"url":"assets/355C80EEBC18935472ACA31CBD1A1E64.svg","width":21,"height":24},"02ECBB397F73DA718D917924A19C94BC":{"type":"texture","assetRequest":{"type":"slide","state":"contents","slide":"90B5F570-F132-44A9-A332-1D18B938298E"},"url":"assets/02ECBB397F73DA718D917924A19C94BC.svg","width":22,"height":24},"8485A018D6CB223824842F701CDF5395":{"type":"texture","assetRequest":{"type":"slide","state":"contents","slide":"90B5F570-F132-44A9-A332-1D18B938298E"},"url":"assets/8485A018D6CB223824842F701CDF5395.svg","width":21,"height":24},"AD7FA87560540C0606F944D98446777E":{"type":"texture","assetRequest":{"type":"slide","state":"contents","slide":"90B5F570-F132-44A9-A332-1D18B938298E"},"url":"assets/AD7FA87560540C0606F944D98446777E.svg","width":22,"height":30},"A5A4A605741161B0DE99E3AA3323CF02":{"type":"texture","assetRequest":{"type":"slide","state":"contents","slide":"90B5F570-F132-44A9-A332-1D18B938298E"},"url":"assets/A5A4A605741161B0DE99E3AA3323CF02.svg","width":22,"height":24},"0197BA250366F2DA15F19D8145A59538":{"type":"texture","assetRequest":{"type":"slide","state":"contents","slide":"90B5F570-F132-44A9-A332-1D18B938298E"},"url":"assets/0197BA250366F2DA15F19D8145A59538.svg","width":22,"height":24},"B01A71E7A4B3D1EE0894145304E52B56":{"type":"texture","assetRequest":{"type":"slide","state":"contents","slide":"90B5F570-F132-44A9-A332-1D18B938298E"},"url":"assets/B01A71E7A4B3D1EE0894145304E52B56.svg","width":1024,"height":768},"1FF3746BA1B42E343A2A598F85004C82":{"type":"texture","assetRequest":{"type":"slide","state":"contents","slide":"90B5F570-F132-44A9-A332-1D18B938298E"},"url":"assets/1FF3746BA1B42E343A2A598F85004C82.svg","width":10,"height":30},"93BCF48465F07F3B597FD9BD4AFFD370":{"type":"texture","assetRequest":{"type":"slide","state":"contents","slide":"90B5F570-F132-44A9-A332-1D18B938298E"},"url":"assets/93BCF48465F07F3B597FD9BD4AFFD370.svg","width":23,"height":24},"035940C24C3F15D9C25F0F71B736B1CB":{"type":"texture","assetRequest":{"type":"slide","state":"contents","slide":"90B5F570-F132-44A9-A332-1D18B938298E"},"url":"assets/035940C24C3F15D9C25F0F71B736B1CB.svg","width":21,"height":30},"51F939F7BDBFFB77671F3E1EA33B7CE4":{"type":"texture","assetRequest":{"type":"slide","state":"incoming","slide":"9728AC4E-A062-4564-AC66-BFCD058EA87F"},"url":"assets/51F939F7BDBFFB77671F3E1EA33B7CE4.svg","width":1024,"height":768},"45257765E6DF584852550BC7B6CE724E":{"type":"texture","assetRequest":{"type":"slide","state":"contents","slide":"90B5F570-F132-44A9-A332-1D18B938298E"},"url":"assets/45257765E6DF584852550BC7B6CE724E.svg","width":17,"height":31},"6D0BB00954CEB7FBEE436BB55A8397A9":{"type":"texture","assetRequest":{"type":"slide","state":"contents","slide":"90B5F570-F132-44A9-A332-1D18B938298E"},"url":"assets/6D0BB00954CEB7FBEE436BB55A8397A9.svg","width":5,"height":5},"25CD55BB94E6C8D213BAB5202B92CF48":{"type":"texture","assetRequest":{"type":"slide","state":"contents","slide":"90B5F570-F132-44A9-A332-1D18B938298E"},"url":"assets/25CD55BB94E6C8D213BAB5202B92CF48.svg","width":32,"height":11},"7AD07F9569FF33250F3491566621A84A":{"type":"texture","assetRequest":{"type":"slide","state":"contents","slide":"90B5F570-F132-44A9-A332-1D18B938298E"},"url":"assets/7AD07F9569FF33250F3491566621A84A.svg","width":15,"height":30},"9E1CA62288089917696B919F3EFC14B2":{"type":"texture","assetRequest":{"type":"slide","state":"contents","slide":"90B5F570-F132-44A9-A332-1D18B938298E"},"url":"assets/9E1CA62288089917696B919F3EFC14B2.svg","width":20,"height":24},"E72A78F50179FA339F94EDD344A9A44E":{"type":"texture","assetRequest":{"type":"slide","state":"contents","slide":"90B5F570-F132-44A9-A332-1D18B938298E"},"url":"assets/E72A78F50179FA339F94EDD344A9A44E.svg","width":16,"height":24},"BF738866C57E48EF537DAD3DDC65888A":{"type":"texture","assetRequest":{"type":"slide","state":"contents","slide":"90B5F570-F132-44A9-A332-1D18B938298E"},"url":"assets/BF738866C57E48EF537DAD3DDC65888A.svg","width":22,"height":24},"ECC8FDE5DE2E7B18EEA3BCC36F0D706D":{"type":"texture","assetRequest":{"type":"slide","state":"contents","slide":"90B5F570-F132-44A9-A332-1D18B938298E"},"url":"assets/ECC8FDE5DE2E7B18EEA3BCC36F0D706D.svg","width":21,"height":24},"5BC9D24A03A9D2870FE2A912AD857F9F":{"type":"texture","assetRequest":{"type":"slide","state":"contents","slide":"90B5F570-F132-44A9-A332-1D18B938298E"},"url":"assets/5BC9D24A03A9D2870FE2A912AD857F9F.svg","width":9,"height":30},"9D5C3CAD3922B75E57C4C5364A3C6BC7":{"type":"texture","assetRequest":{"type":"slide","state":"contents","slide":"90B5F570-F132-44A9-A332-1D18B938298E"},"url":"assets/9D5C3CAD3922B75E57C4C5364A3C6BC7.svg","width":16,"height":24},"2E345607217D017281FA413F8E75062D":{"type":"texture","assetRequest":{"type":"slide","state":"contents","slide":"90B5F570-F132-44A9-A332-1D18B938298E"},"url":"assets/2E345607217D017281FA413F8E75062D.svg","width":10,"height":30},"19021FB5301D1A7741293E062668EBA6":{"type":"texture","assetRequest":{"type":"slide","state":"contents","slide":"90B5F570-F132-44A9-A332-1D18B938298E"},"url":"assets/19021FB5301D1A7741293E062668EBA6.svg","width":15,"height":30},"723A9364252866B2261E46CFBB508E1A":{"type":"texture","assetRequest":{"type":"slide","state":"contents","slide":"90B5F570-F132-44A9-A332-1D18B938298E"},"url":"assets/723A9364252866B2261E46CFBB508E1A.svg","width":23,"height":24},"2C3C87FC184F32976D09C04B50750676":{"type":"texture","assetRequest":{"type":"slide","state":"contents","slide":"90B5F570-F132-44A9-A332-1D18B938298E"},"url":"assets/2C3C87FC184F32976D09C04B50750676.svg","width":16,"height":24},"9D52BB336D3E1F17044D78A1C20D83BC":{"type":"texture","assetRequest":{"type":"slide","state":"contents","slide":"90B5F570-F132-44A9-A332-1D18B938298E"},"url":"assets/9D52BB336D3E1F17044D78A1C20D83BC.svg","width":21,"height":30},"8222C361A35734A021CF578BE5DC5145":{"type":"texture","assetRequest":{"type":"slide","state":"contents","slide":"90B5F570-F132-44A9-A332-1D18B938298E"},"url":"assets/8222C361A35734A021CF578BE5DC5145.svg","width":22,"height":30},"09E8D4B59B831A078D20B9DA2C0243D1":{"type":"texture","assetRequest":{"type":"slide","state":"contents","slide":"90B5F570-F132-44A9-A332-1D18B938298E"},"url":"assets/09E8D4B59B831A078D20B9DA2C0243D1.svg","width":21,"height":24},"5E1C8B8D378A2E63A62CA3D3885B6101":{"type":"texture","assetRequest":{"type":"slide","state":"contents","slide":"90B5F570-F132-44A9-A332-1D18B938298E"},"url":"assets/5E1C8B8D378A2E63A62CA3D3885B6101.svg","width":21,"height":24},"7B979A8116D6FE10E70644E051AF1DBC":{"type":"texture","assetRequest":{"type":"slide","state":"outgoing","slide":"90B5F570-F132-44A9-A332-1D18B938298E"},"url":"assets/7B979A8116D6FE10E70644E051AF1DBC.svg","width":1024,"height":768},"8C17DED38584B1B8939DDFA5BC4E9200":{"type":"texture","assetRequest":{"type":"slide","state":"contents","slide":"90B5F570-F132-44A9-A332-1D18B938298E"},"url":"assets/8C17DED38584B1B8939DDFA5BC4E9200.svg","width":28,"height":30}},"events":[{"effects":[{"beginTime":0,"baseLayer":{"animations":[],"initialState":{"affineTransform":[1,0,0,1,0,0],"masksToBounds":false,"rotation":0,"scale":1,"position":{"pointX":512,"pointY":363},"width":826,"sublayerTransform":[1,0,0,0,0,1,0,0,0,0,1,0,0,0,0,1],"contentsRect":{"y":0,"x":0,"width":1,"height":1},"opacity":1,"edgeAntialiasingMask":15,"height":44,"hidden":false,"anchorPoint":{"pointX":0.5,"pointY":0.5}},"objectID":0,"layers":[{"animations":[],"initialState":{"affineTransform":[1,0,0,1,0,0],"masksToBounds":false,"rotation":0,"scale":1,"position":{"pointX":413,"pointY":43},"width":826,"sublayerTransform":[1,0,0,0,0,1,0,0,0,0,1,-0.0004922987690640373,0,0,0,1],"contentsRect":{"y":0,"x":0,"width":1,"height":1},"opacity":1,"edgeAntialiasingMask":15,"height":44,"hidden":false,"anchorPoint":{"pointX":0.5,"pointY":0.9772727272727273}},"layers":[{"animations":[{"repeatCount":0,"animations":[{"from":{"scalar":true},"beginTime":0,"repeatCount":0,"fillMode":"removed","property":"hidden","duration":0.2,"to":{"scalar":true}},{"from":{"scalar":false},"beginTime":0.2,"repeatCount":0,"fillMode":"forwards","property":"hidden","duration":3.8,"to":{"scalar":false}}],"beginTime":1e-100,"fillMode":"both","duration":4}],"layers":[],"initialState":{"affineTransform":[1,0,0,1,0,0],"masksToBounds":false,"rotation":0,"scale":1,"position":{"pointX":174,"pointY":22},"width":28,"sublayerTransform":[1,0,0,0,0,1,0,0,0,0,1,0,0,0,0,1],"contentsRect":{"y":0,"x":0,"width":1,"height":1},"opacity":1,"edgeAntialiasingMask":0,"height":30,"hidden":true,"anchorPoint":{"pointX":0.5,"pointY":0.5}},"texture":"8C17DED38584B1B8939DDFA5BC4E9200"}]},{"animations":[],"initialState":{"affineTransform":[1,0,0,1,0,0],"masksToBounds":false,"rotation":0,"scale":1,"position":{"pointX":413,"pointY":43},"width":826,"sublayerTransform":[1,0,0,0,0,1,0,0,0,0,1,-0.0004922987690640373,0,0,0,1],"contentsRect":{"y":0,"x":0,"width":1,"height":1},"opacity":1,"edgeAntialiasingMask":15,"height":44,"hidden":false,"anchorPoint":{"pointX":0.5,"pointY":0.9772727272727273}},"layers":[{"animations":[{"repeatCount":0,"animations":[{"from":{"scalar":true},"beginTime":0,"repeatCount":0,"fillMode":"removed","property":"hidden","duration":0.3058823529411765,"to":{"scalar":true}},{"from":{"scalar":false},"beginTime":0.3058823529411765,"repeatCount":0,"fillMode":"forwards","property":"hidden","duration":3.694117647058824,"to":{"scalar":false}}],"beginTime":1e-100,"fillMode":"both","duration":4}],"layers":[],"initialState":{"affineTransform":[1,0,0,1,0,0],"masksToBounds":false,"rotation":0,"scale":1,"position":{"pointX":193.5,"pointY":25},"width":21,"sublayerTransform":[1,0,0,0,0,1,0,0,0,0,1,0,0,0,0,1],"contentsRect":{"y":0,"x":0,"width":1,"height":1},"opacity":1,"edgeAntialiasingMask":0,"height":24,"hidden":true,"anchorPoint":{"pointX":0.5,"pointY":0.5}},"texture":"09E8D4B59B831A078D20B9DA2C0243D1"}]},{"animations":[],"initialState":{"affineTransform":[1,0,0,1,0,0],"masksToBounds":false,"rotation":0,"scale":1,"position":{"pointX":413,"pointY":43},"width":826,"sublayerTransform":[1,0,0,0,0,1,0,0,0,0,1,-0.0004922987690640373,0,0,0,1],"contentsRect":{"y":0,"x":0,"width":1,"height":1},"opacity":1,"edgeAntialiasingMask":15,"height":44,"hidden":false,"anchorPoint":{"pointX":0.5,"pointY":0.9772727272727273}},"layers":[{"animations":[{"repeatCount":0,"animations":[{"from":{"scalar":true},"beginTime":0,"repeatCount":0,"fillMode":"removed","property":"hidden","duration":0.4117647058823529,"to":{"scalar":true}},{"from":{"scalar":false},"beginTime":0.4117647058823529,"repeatCount":0,"fillMode":"forwards","property":"hidden","duration":3.588235294117647,"to":{"scalar":false}}],"beginTime":1e-100,"fillMode":"both","duration":4}],"layers":[],"initialState":{"affineTransform":[1,0,0,1,0,0],"masksToBounds":false,"rotation":0,"scale":1,"position":{"pointX":202.5,"pointY":33.5},"width":5,"sublayerTransform":[1,0,0,0,0,1,0,0,0,0,1,0,0,0,0,1],"contentsRect":{"y":0,"x":0,"width":1,"height":1},"opacity":1,"edgeAntialiasingMask":0,"height":5,"hidden":true,"anchorPoint":{"pointX":0.5,"pointY":0.5}},"texture":"6D0BB00954CEB7FBEE436BB55A8397A9"}]},{"animations":[],"initialState":{"affineTransform":[1,0,0,1,0,0],"masksToBounds":false,"rotation":0,"scale":1,"position":{"pointX":413,"pointY":43},"width":826,"sublayerTransform":[1,0,0,0,0,1,0,0,0,0,1,-0.0004922987690640373,0,0,0,1],"contentsRect":{"y":0,"x":0,"width":1,"height":1},"opacity":1,"edgeAntialiasingMask":15,"height":44,"hidden":false,"anchorPoint":{"pointX":0.5,"pointY":0.9772727272727273}},"layers":[{"animations":[{"repeatCount":0,"animations":[{"from":{"scalar":true},"beginTime":0,"repeatCount":0,"fillMode":"removed","property":"hidden","duration":0.5176470588235293,"to":{"scalar":true}},{"from":{"scalar":false},"beginTime":0.5176470588235293,"repeatCount":0,"fillMode":"forwards","property":"hidden","duration":3.482352941176471,"to":{"scalar":false}}],"beginTime":1e-100,"fillMode":"both","duration":4}],"layers":[],"initialState":{"affineTransform":[1,0,0,1,0,0],"masksToBounds":false,"rotation":0,"scale":1,"position":{"pointX":220,"pointY":25},"width":22,"sublayerTransform":[1,0,0,0,0,1,0,0,0,0,1,0,0,0,0,1],"contentsRect":{"y":0,"x":0,"width":1,"height":1},"opacity":1,"edgeAntialiasingMask":0,"height":24,"hidden":true,"anchorPoint":{"pointX":0.5,"pointY":0.5}},"texture":"A5A4A605741161B0DE99E3AA3323CF02"}]},{"animations":[],"initialState":{"affineTransform":[1,0,0,1,0,0],"masksToBounds":false,"rotation":0,"scale":1,"position":{"pointX":413,"pointY":43},"width":826,"sublayerTransform":[1,0,0,0,0,1,0,0,0,0,1,-0.0004922987690640373,0,0,0,1],"contentsRect":{"y":0,"x":0,"width":1,"height":1},"opacity":1,"edgeAntialiasingMask":15,"height":44,"hidden":false,"anchorPoint":{"pointX":0.5,"pointY":0.9772727272727273}},"layers":[{"animations":[{"repeatCount":0,"animations":[{"from":{"scalar":true},"beginTime":0,"repeatCount":0,"fillMode":"removed","property":"hidden","duration":0.6235294117647059,"to":{"scalar":true}},{"from":{"scalar":false},"beginTime":0.6235294117647059,"repeatCount":0,"fillMode":"forwards","property":"hidden","duration":3.376470588235294,"to":{"scalar":false}}],"beginTime":1e-100,"fillMode":"both","duration":4}],"layers":[],"initialState":{"affineTransform":[1,0,0,1,0,0],"masksToBounds":false,"rotation":0,"scale":1,"position":{"pointX":238.5,"pointY":28},"width":21,"sublayerTransform":[1,0,0,0,0,1,0,0,0,0,1,0,0,0,0,1],"contentsRect":{"y":0,"x":0,"width":1,"height":1},"opacity":1,"edgeAntialiasingMask":0,"height":30,"hidden":true,"anchorPoint":{"pointX":0.5,"pointY":0.5}},"texture":"34104F6EE23CE8D069C8EA0FF914749D"}]},{"animations":[],"initialState":{"affineTransform":[1,0,0,1,0,0],"masksToBounds":false,"rotation":0,"scale":1,"position":{"pointX":413,"pointY":43},"width":826,"sublayerTransform":[1,0,0,0,0,1,0,0,0,0,1,-0.0004922987690640373,0,0,0,1],"contentsRect":{"y":0,"x":0,"width":1,"height":1},"opacity":1,"edgeAntialiasingMask":15,"height":44,"hidden":false,"anchorPoint":{"pointX":0.5,"pointY":0.9772727272727273}},"layers":[{"animations":[{"repeatCount":0,"animations":[{"from":{"scalar":true},"beginTime":0,"repeatCount":0,"fillMode":"removed","property":"hidden","duration":0.7294117647058824,"to":{"scalar":true}},{"from":{"scalar":false},"beginTime":0.7294117647058824,"repeatCount":0,"fillMode":"forwards","property":"hidden","duration":3.270588235294118,"to":{"scalar":false}}],"beginTime":1e-100,"fillMode":"both","duration":4}],"layers":[],"initialState":{"affineTransform":[1,0,0,1,0,0],"masksToBounds":false,"rotation":0,"scale":1,"position":{"pointX":256,"pointY":28},"width":22,"sublayerTransform":[1,0,0,0,0,1,0,0,0,0,1,0,0,0,0,1],"contentsRect":{"y":0,"x":0,"width":1,"height":1},"opacity":1,"edgeAntialiasingMask":0,"height":30,"hidden":true,"anchorPoint":{"pointX":0.5,"pointY":0.5}},"texture":"8222C361A35734A021CF578BE5DC5145"}]},{"animations":[],"initialState":{"affineTransform":[1,0,0,1,0,0],"masksToBounds":false,"rotation":0,"scale":1,"position":{"pointX":413,"pointY":43},"width":826,"sublayerTransform":[1,0,0,0,0,1,0,0,0,0,1,-0.0004922987690640373,0,0,0,1],"contentsRect":{"y":0,"x":0,"width":1,"height":1},"opacity":1,"edgeAntialiasingMask":15,"height":44,"hidden":false,"anchorPoint":{"pointX":0.5,"pointY":0.9772727272727273}},"layers":[{"animations":[{"repeatCount":0,"animations":[{"from":{"scalar":true},"beginTime":0,"repeatCount":0,"fillMode":"removed","property":"hidden","duration":0.8352941176470587,"to":{"scalar":true}},{"from":{"scalar":false},"beginTime":0.8352941176470587,"repeatCount":0,"fillMode":"forwards","property":"hidden","duration":3.164705882352941,"to":{"scalar":false}}],"beginTime":1e-100,"fillMode":"both","duration":4}],"layers":[],"initialState":{"affineTransform":[1,0,0,1,0,0],"masksToBounds":false,"rotation":0,"scale":1,"position":{"pointX":273.5,"pointY":25},"width":23,"sublayerTransform":[1,0,0,0,0,1,0,0,0,0,1,0,0,0,0,1],"contentsRect":{"y":0,"x":0,"width":1,"height":1},"opacity":1,"edgeAntialiasingMask":0,"height":24,"hidden":true,"anchorPoint":{"pointX":0.5,"pointY":0.5}},"texture":"93BCF48465F07F3B597FD9BD4AFFD370"}]},{"animations":[],"initialState":{"affineTransform":[1,0,0,1,0,0],"masksToBounds":false,"rotation":0,"scale":1,"position":{"pointX":413,"pointY":43},"width":826,"sublayerTransform":[1,0,0,0,0,1,0,0,0,0,1,-0.0004922987690640373,0,0,0,1],"contentsRect":{"y":0,"x":0,"width":1,"height":1},"opacity":1,"edgeAntialiasingMask":15,"height":44,"hidden":false,"anchorPoint":{"pointX":0.5,"pointY":0.9772727272727273}},"layers":[{"animations":[{"repeatCount":0,"animations":[{"from":{"scalar":true},"beginTime":0,"repeatCount":0,"fillMode":"removed","property":"hidden","duration":0.9411764705882353,"to":{"scalar":true}},{"from":{"scalar":false},"beginTime":0.9411764705882353,"repeatCount":0,"fillMode":"forwards","property":"hidden","duration":3.058823529411764,"to":{"scalar":false}}],"beginTime":1e-100,"fillMode":"both","duration":4}],"layers":[],"initialState":{"affineTransform":[1,0,0,1,0,0],"masksToBounds":false,"rotation":0,"scale":1,"position":{"pointX":289,"pointY":25},"width":16,"sublayerTransform":[1,0,0,0,0,1,0,0,0,0,1,0,0,0,0,1],"contentsRect":{"y":0,"x":0,"width":1,"height":1},"opacity":1,"edgeAntialiasingMask":0,"height":24,"hidden":true,"anchorPoint":{"pointX":0.5,"pointY":0.5}},"texture":"2C3C87FC184F32976D09C04B50750676"}]},{"animations":[],"initialState":{"affineTransform":[1,0,0,1,0,0],"masksToBounds":false,"rotation":0,"scale":1,"position":{"pointX":413,"pointY":43},"width":826,"sublayerTransform":[1,0,0,0,0,1,0,0,0,0,1,-0.0004922987690640373,0,0,0,1],"contentsRect":{"y":0,"x":0,"width":1,"height":1},"opacity":1,"edgeAntialiasingMask":15,"height":44,"hidden":false,"anchorPoint":{"pointX":0.5,"pointY":0.9772727272727273}},"layers":[{"animations":[{"repeatCount":0,"animations":[{"from":{"scalar":true},"beginTime":0,"repeatCount":0,"fillMode":"removed","property":"hidden","duration":1.047058823529412,"to":{"scalar":true}},{"from":{"scalar":false},"beginTime":1.047058823529412,"repeatCount":0,"fillMode":"forwards","property":"hidden","duration":2.952941176470588,"to":{"scalar":false}}],"beginTime":1e-100,"fillMode":"both","duration":4}],"layers":[],"initialState":{"affineTransform":[1,0,0,1,0,0],"masksToBounds":false,"rotation":0,"scale":1,"position":{"pointX":297.5,"pointY":22},"width":15,"sublayerTransform":[1,0,0,0,0,1,0,0,0,0,1,0,0,0,0,1],"contentsRect":{"y":0,"x":0,"width":1,"height":1},"opacity":1,"edgeAntialiasingMask":0,"height":30,"hidden":true,"anchorPoint":{"pointX":0.5,"pointY":0.5}},"texture":"19021FB5301D1A7741293E062668EBA6"}]},{"animations":[],"initialState":{"affineTransform":[1,0,0,1,0,0],"masksToBounds":false,"rotation":0,"scale":1,"position":{"pointX":413,"pointY":43},"width":826,"sublayerTransform":[1,0,0,0,0,1,0,0,0,0,1,-0.0004922987690640373,0,0,0,1],"contentsRect":{"y":0,"x":0,"width":1,"height":1},"opacity":1,"edgeAntialiasingMask":15,"height":44,"hidden":false,"anchorPoint":{"pointX":0.5,"pointY":0.9772727272727273}},"layers":[{"animations":[{"repeatCount":0,"animations":[{"from":{"scalar":true},"beginTime":0,"repeatCount":0,"fillMode":"removed","property":"hidden","duration":1.152941176470588,"to":{"scalar":true}},{"from":{"scalar":false},"beginTime":1.152941176470588,"repeatCount":0,"fillMode":"forwards","property":"hidden","duration":2.847058823529412,"to":{"scalar":false}}],"beginTime":1e-100,"fillMode":"both","duration":4}],"layers":[],"initialState":{"affineTransform":[1,0,0,1,0,0],"masksToBounds":false,"rotation":0,"scale":1,"position":{"pointX":311,"pointY":25},"width":20,"sublayerTransform":[1,0,0,0,0,1,0,0,0,0,1,0,0,0,0,1],"contentsRect":{"y":0,"x":0,"width":1,"height":1},"opacity":1,"edgeAntialiasingMask":0,"height":24,"hidden":true,"anchorPoint":{"pointX":0.5,"pointY":0.5}},"texture":"9E1CA62288089917696B919F3EFC14B2"}]},{"animations":[],"initialState":{"affineTransform":[1,0,0,1,0,0],"masksToBounds":false,"rotation":0,"scale":1,"position":{"pointX":413,"pointY":43},"width":826,"sublayerTransform":[1,0,0,0,0,1,0,0,0,0,1,-0.0004922987690640373,0,0,0,1],"contentsRect":{"y":0,"x":0,"width":1,"height":1},"opacity":1,"edgeAntialiasingMask":15,"height":44,"hidden":false,"anchorPoint":{"pointX":0.5,"pointY":0.9772727272727273}},"layers":[{"animations":[{"repeatCount":0,"animations":[{"from":{"scalar":true},"beginTime":0,"repeatCount":0,"fillMode":"removed","property":"hidden","duration":1.258823529411765,"to":{"scalar":true}},{"from":{"scalar":false},"beginTime":1.258823529411765,"repeatCount":0,"fillMode":"forwards","property":"hidden","duration":2.741176470588235,"to":{"scalar":false}}],"beginTime":1e-100,"fillMode":"both","duration":4}],"layers":[],"initialState":{"affineTransform":[1,0,0,1,0,0],"masksToBounds":false,"rotation":0,"scale":1,"position":{"pointX":328.5,"pointY":25},"width":21,"sublayerTransform":[1,0,0,0,0,1,0,0,0,0,1,0,0,0,0,1],"contentsRect":{"y":0,"x":0,"width":1,"height":1},"opacity":1,"edgeAntialiasingMask":0,"height":24,"hidden":true,"anchorPoint":{"pointX":0.5,"pointY":0.5}},"texture":"355C80EEBC18935472ACA31CBD1A1E64"}]},{"animations":[],"initialState":{"affineTransform":[1,0,0,1,0,0],"masksToBounds":false,"rotation":0,"scale":1,"position":{"pointX":413,"pointY":43},"width":826,"sublayerTransform":[1,0,0,0,0,1,0,0,0,0,1,-0.0004922987690640373,0,0,0,1],"contentsRect":{"y":0,"x":0,"width":1,"height":1},"opacity":1,"edgeAntialiasingMask":15,"height":44,"hidden":false,"anchorPoint":{"pointX":0.5,"pointY":0.9772727272727273}},"layers":[{"animations":[{"repeatCount":0,"animations":[{"from":{"scalar":true},"beginTime":0,"repeatCount":0,"fillMode":"removed","property":"hidden","duration":1.364705882352941,"to":{"scalar":true}},{"from":{"scalar":false},"beginTime":1.364705882352941,"repeatCount":0,"fillMode":"forwards","property":"hidden","duration":2.635294117647059,"to":{"scalar":false}}],"beginTime":1e-100,"fillMode":"both","duration":4}],"layers":[],"initialState":{"affineTransform":[1,0,0,1,0,0],"masksToBounds":false,"rotation":0,"scale":1,"position":{"pointX":341,"pointY":22},"width":10,"sublayerTransform":[1,0,0,0,0,1,0,0,0,0,1,0,0,0,0,1],"contentsRect":{"y":0,"x":0,"width":1,"height":1},"opacity":1,"edgeAntialiasingMask":0,"height":30,"hidden":true,"anchorPoint":{"pointX":0.5,"pointY":0.5}},"texture":"2E345607217D017281FA413F8E75062D"}]},{"animations":[],"initialState":{"affineTransform":[1,0,0,1,0,0],"masksToBounds":false,"rotation":0,"scale":1,"position":{"pointX":413,"pointY":43},"width":826,"sublayerTransform":[1,0,0,0,0,1,0,0,0,0,1,-0.0004922987690640373,0,0,0,1],"contentsRect":{"y":0,"x":0,"width":1,"height":1},"opacity":1,"edgeAntialiasingMask":15,"height":44,"hidden":false,"anchorPoint":{"pointX":0.5,"pointY":0.9772727272727273}},"layers":[{"animations":[{"repeatCount":0,"animations":[{"from":{"scalar":true},"beginTime":0,"repeatCount":0,"fillMode":"removed","property":"hidden","duration":1.470588235294118,"to":{"scalar":true}},{"from":{"scalar":false},"beginTime":1.470588235294118,"repeatCount":0,"fillMode":"forwards","property":"hidden","duration":2.529411764705882,"to":{"scalar":false}}],"beginTime":1e-100,"fillMode":"both","duration":4}],"layers":[],"initialState":{"affineTransform":[1,0,0,1,0,0],"masksToBounds":false,"rotation":0,"scale":1,"position":{"pointX":349.5,"pointY":22},"width":15,"sublayerTransform":[1,0,0,0,0,1,0,0,0,0,1,0,0,0,0,1],"contentsRect":{"y":0,"x":0,"width":1,"height":1},"opacity":1,"edgeAntialiasingMask":0,"height":30,"hidden":true,"anchorPoint":{"pointX":0.5,"pointY":0.5}},"texture":"7AD07F9569FF33250F3491566621A84A"}]},{"animations":[],"initialState":{"affineTransform":[1,0,0,1,0,0],"masksToBounds":false,"rotation":0,"scale":1,"position":{"pointX":413,"pointY":43},"width":826,"sublayerTransform":[1,0,0,0,0,1,0,0,0,0,1,-0.0004922987690640373,0,0,0,1],"contentsRect":{"y":0,"x":0,"width":1,"height":1},"opacity":1,"edgeAntialiasingMask":15,"height":44,"hidden":false,"anchorPoint":{"pointX":0.5,"pointY":0.9772727272727273}},"layers":[{"animations":[{"repeatCount":0,"animations":[{"from":{"scalar":true},"beginTime":0,"repeatCount":0,"fillMode":"removed","property":"hidden","duration":1.576470588235294,"to":{"scalar":true}},{"from":{"scalar":false},"beginTime":1.576470588235294,"repeatCount":0,"fillMode":"forwards","property":"hidden","duration":2.423529411764706,"to":{"scalar":false}}],"beginTime":1e-100,"fillMode":"both","duration":4}],"layers":[],"initialState":{"affineTransform":[1,0,0,1,0,0],"masksToBounds":false,"rotation":0,"scale":1,"position":{"pointX":362,"pointY":28},"width":22,"sublayerTransform":[1,0,0,0,0,1,0,0,0,0,1,0,0,0,0,1],"contentsRect":{"y":0,"x":0,"width":1,"height":1},"opacity":1,"edgeAntialiasingMask":0,"height":30,"hidden":true,"anchorPoint":{"pointX":0.5,"pointY":0.5}},"texture":"AD7FA87560540C0606F944D98446777E"}]},{"animations":[],"initialState":{"affineTransform":[1,0,0,1,0,0],"masksToBounds":false,"rotation":0,"scale":1,"position":{"pointX":413,"pointY":43},"width":826,"sublayerTransform":[1,0,0,0,0,1,0,0,0,0,1,-0.0004922987690640373,0,0,0,1],"contentsRect":{"y":0,"x":0,"width":1,"height":1},"opacity":1,"edgeAntialiasingMask":15,"height":44,"hidden":false,"anchorPoint":{"pointX":0.5,"pointY":0.9772727272727273}},"layers":[{"animations":[{"repeatCount":0,"animations":[{"from":{"scalar":true},"beginTime":0,"repeatCount":0,"fillMode":"removed","property":"hidden","duration":1.682352941176471,"to":{"scalar":true}},{"from":{"scalar":false},"beginTime":1.682352941176471,"repeatCount":0,"fillMode":"forwards","property":"hidden","duration":2.317647058823529,"to":{"scalar":false}}],"beginTime":1e-100,"fillMode":"both","duration":4}],"layers":[],"initialState":{"affineTransform":[1,0,0,1,0,0],"masksToBounds":false,"rotation":0,"scale":1,"position":{"pointX":369.5,"pointY":33.5},"width":5,"sublayerTransform":[1,0,0,0,0,1,0,0,0,0,1,0,0,0,0,1],"contentsRect":{"y":0,"x":0,"width":1,"height":1},"opacity":1,"edgeAntialiasingMask":0,"height":5,"hidden":true,"anchorPoint":{"pointX":0.5,"pointY":0.5}},"texture":"6D0BB00954CEB7FBEE436BB55A8397A9"}]},{"animations":[],"initialState":{"affineTransform":[1,0,0,1,0,0],"masksToBounds":false,"rotation":0,"scale":1,"position":{"pointX":413,"pointY":43},"width":826,"sublayerTransform":[1,0,0,0,0,1,0,0,0,0,1,-0.0004922987690640373,0,0,0,1],"contentsRect":{"y":0,"x":0,"width":1,"height":1},"opacity":1,"edgeAntialiasingMask":15,"height":44,"hidden":false,"anchorPoint":{"pointX":0.5,"pointY":0.9772727272727273}},"layers":[{"animations":[{"repeatCount":0,"animations":[{"from":{"scalar":true},"beginTime":0,"repeatCount":0,"fillMode":"removed","property":"hidden","duration":1.788235294117647,"to":{"scalar":true}},{"from":{"scalar":false},"beginTime":1.788235294117647,"repeatCount":0,"fillMode":"forwards","property":"hidden","duration":2.211764705882353,"to":{"scalar":false}}],"beginTime":1e-100,"fillMode":"both","duration":4}],"layers":[],"initialState":{"affineTransform":[1,0,0,1,0,0],"masksToBounds":false,"rotation":0,"scale":1,"position":{"pointX":383.5,"pointY":21.5},"width":17,"sublayerTransform":[1,0,0,0,0,1,0,0,0,0,1,0,0,0,0,1],"contentsRect":{"y":0,"x":0,"width":1,"height":1},"opacity":1,"edgeAntialiasingMask":0,"height":31,"hidden":true,"anchorPoint":{"pointX":0.5,"pointY":0.5}},"texture":"45257765E6DF584852550BC7B6CE724E"}]},{"animations":[],"initialState":{"affineTransform":[1,0,0,1,0,0],"masksToBounds":false,"rotation":0,"scale":1,"position":{"pointX":413,"pointY":43},"width":826,"sublayerTransform":[1,0,0,0,0,1,0,0,0,0,1,-0.0004922987690640373,0,0,0,1],"contentsRect":{"y":0,"x":0,"width":1,"height":1},"opacity":1,"edgeAntialiasingMask":15,"height":44,"hidden":false,"anchorPoint":{"pointX":0.5,"pointY":0.9772727272727273}},"layers":[{"animations":[{"repeatCount":0,"animations":[{"from":{"scalar":true},"beginTime":0,"repeatCount":0,"fillMode":"removed","property":"hidden","duration":1.894117647058823,"to":{"scalar":true}},{"from":{"scalar":false},"beginTime":1.894117647058823,"repeatCount":0,"fillMode":"forwards","property":"hidden","duration":2.105882352941177,"to":{"scalar":false}}],"beginTime":1e-100,"fillMode":"both","duration":4}],"layers":[],"initialState":{"affineTransform":[1,0,0,1,0,0],"masksToBounds":false,"rotation":0,"scale":1,"position":{"pointX":396,"pointY":25},"width":22,"sublayerTransform":[1,0,0,0,0,1,0,0,0,0,1,0,0,0,0,1],"contentsRect":{"y":0,"x":0,"width":1,"height":1},"opacity":1,"edgeAntialiasingMask":0,"height":24,"hidden":true,"anchorPoint":{"pointX":0.5,"pointY":0.5}},"texture":"0197BA250366F2DA15F19D8145A59538"}]},{"animations":[],"initialState":{"affineTransform":[1,0,0,1,0,0],"masksToBounds":false,"rotation":0,"scale":1,"position":{"pointX":413,"pointY":43},"width":826,"sublayerTransform":[1,0,0,0,0,1,0,0,0,0,1,-0.0004922987690640373,0,0,0,1],"contentsRect":{"y":0,"x":0,"width":1,"height":1},"opacity":1,"edgeAntialiasingMask":15,"height":44,"hidden":false,"anchorPoint":{"pointX":0.5,"pointY":0.9772727272727273}},"layers":[{"animations":[{"repeatCount":0,"animations":[{"from":{"scalar":true},"beginTime":0,"repeatCount":0,"fillMode":"removed","property":"hidden","duration":2,"to":{"scalar":true}},{"from":{"scalar":false},"beginTime":2,"repeatCount":0,"fillMode":"forwards","property":"hidden","duration":2,"to":{"scalar":false}}],"beginTime":1e-100,"fillMode":"both","duration":4}],"layers":[],"initialState":{"affineTransform":[1,0,0,1,0,0],"masksToBounds":false,"rotation":0,"scale":1,"position":{"pointX":412,"pointY":25},"width":16,"sublayerTransform":[1,0,0,0,0,1,0,0,0,0,1,0,0,0,0,1],"contentsRect":{"y":0,"x":0,"width":1,"height":1},"opacity":1,"edgeAntialiasingMask":0,"height":24,"hidden":true,"anchorPoint":{"pointX":0.5,"pointY":0.5}},"texture":"E72A78F50179FA339F94EDD344A9A44E"}]},{"animations":[],"initialState":{"affineTransform":[1,0,0,1,0,0],"masksToBounds":false,"rotation":0,"scale":1,"position":{"pointX":413,"pointY":43},"width":826,"sublayerTransform":[1,0,0,0,0,1,0,0,0,0,1,-0.0004922987690640373,0,0,0,1],"contentsRect":{"y":0,"x":0,"width":1,"height":1},"opacity":1,"edgeAntialiasingMask":15,"height":44,"hidden":false,"anchorPoint":{"pointX":0.5,"pointY":0.9772727272727273}},"layers":[{"animations":[{"repeatCount":0,"animations":[{"from":{"scalar":true},"beginTime":0,"repeatCount":0,"fillMode":"removed","property":"hidden","duration":2.105882352941177,"to":{"scalar":true}},{"from":{"scalar":false},"beginTime":2.105882352941177,"repeatCount":0,"fillMode":"forwards","property":"hidden","duration":1.894117647058823,"to":{"scalar":false}}],"beginTime":1e-100,"fillMode":"both","duration":4}],"layers":[],"initialState":{"affineTransform":[1,0,0,1,0,0],"masksToBounds":false,"rotation":0,"scale":1,"position":{"pointX":415.5,"pointY":33.5},"width":5,"sublayerTransform":[1,0,0,0,0,1,0,0,0,0,1,0,0,0,0,1],"contentsRect":{"y":0,"x":0,"width":1,"height":1},"opacity":1,"edgeAntialiasingMask":0,"height":5,"hidden":true,"anchorPoint":{"pointX":0.5,"pointY":0.5}},"texture":"6D0BB00954CEB7FBEE436BB55A8397A9"}]},{"animations":[],"initialState":{"affineTransform":[1,0,0,1,0,0],"masksToBounds":false,"rotation":0,"scale":1,"position":{"pointX":413,"pointY":43},"width":826,"sublayerTransform":[1,0,0,0,0,1,0,0,0,0,1,-0.0004922987690640373,0,0,0,1],"contentsRect":{"y":0,"x":0,"width":1,"height":1},"opacity":1,"edgeAntialiasingMask":15,"height":44,"hidden":false,"anchorPoint":{"pointX":0.5,"pointY":0.9772727272727273}},"layers":[{"animations":[{"repeatCount":0,"animations":[{"from":{"scalar":true},"beginTime":0,"repeatCount":0,"fillMode":"removed","property":"hidden","duration":2.211764705882353,"to":{"scalar":true}},{"from":{"scalar":false},"beginTime":2.211764705882353,"repeatCount":0,"fillMode":"forwards","property":"hidden","duration":1.788235294117647,"to":{"scalar":false}}],"beginTime":1e-100,"fillMode":"both","duration":4}],"layers":[],"initialState":{"affineTransform":[1,0,0,1,0,0],"masksToBounds":false,"rotation":0,"scale":1,"position":{"pointX":431,"pointY":25},"width":16,"sublayerTransform":[1,0,0,0,0,1,0,0,0,0,1,0,0,0,0,1],"contentsRect":{"y":0,"x":0,"width":1,"height":1},"opacity":1,"edgeAntialiasingMask":0,"height":24,"hidden":true,"anchorPoint":{"pointX":0.5,"pointY":0.5}},"texture":"9D5C3CAD3922B75E57C4C5364A3C6BC7"}]},{"animations":[],"initialState":{"affineTransform":[1,0,0,1,0,0],"masksToBounds":false,"rotation":0,"scale":1,"position":{"pointX":413,"pointY":43},"width":826,"sublayerTransform":[1,0,0,0,0,1,0,0,0,0,1,-0.0004922987690640373,0,0,0,1],"contentsRect":{"y":0,"x":0,"width":1,"height":1},"opacity":1,"edgeAntialiasingMask":15,"height":44,"hidden":false,"anchorPoint":{"pointX":0.5,"pointY":0.9772727272727273}},"layers":[{"animations":[{"repeatCount":0,"animations":[{"from":{"scalar":true},"beginTime":0,"repeatCount":0,"fillMode":"removed","property":"hidden","duration":2.31764705882353,"to":{"scalar":true}},{"from":{"scalar":false},"beginTime":2.31764705882353,"repeatCount":0,"fillMode":"forwards","property":"hidden","duration":1.68235294117647,"to":{"scalar":false}}],"beginTime":1e-100,"fillMode":"both","duration":4}],"layers":[],"initialState":{"affineTransform":[1,0,0,1,0,0],"masksToBounds":false,"rotation":0,"scale":1,"position":{"pointX":444,"pointY":25},"width":22,"sublayerTransform":[1,0,0,0,0,1,0,0,0,0,1,0,0,0,0,1],"contentsRect":{"y":0,"x":0,"width":1,"height":1},"opacity":1,"edgeAntialiasingMask":0,"height":24,"hidden":true,"anchorPoint":{"pointX":0.5,"pointY":0.5}},"texture":"77D9190B1AEA26E54077A42B4C36CC6D"}]},{"animations":[],"initialState":{"affineTransform":[1,0,0,1,0,0],"masksToBounds":false,"rotation":0,"scale":1,"position":{"pointX":413,"pointY":43},"width":826,"sublayerTransform":[1,0,0,0,0,1,0,0,0,0,1,-0.0004922987690640373,0,0,0,1],"contentsRect":{"y":0,"x":0,"width":1,"height":1},"opacity":1,"edgeAntialiasingMask":15,"height":44,"hidden":false,"anchorPoint":{"pointX":0.5,"pointY":0.9772727272727273}},"layers":[{"animations":[{"repeatCount":0,"animations":[{"from":{"scalar":true},"beginTime":0,"repeatCount":0,"fillMode":"removed","property":"hidden","duration":2.423529411764706,"to":{"scalar":true}},{"from":{"scalar":false},"beginTime":2.423529411764706,"repeatCount":0,"fillMode":"forwards","property":"hidden","duration":1.576470588235294,"to":{"scalar":false}}],"beginTime":1e-100,"fillMode":"both","duration":4}],"layers":[],"initialState":{"affineTransform":[1,0,0,1,0,0],"masksToBounds":false,"rotation":0,"scale":1,"position":{"pointX":461.5,"pointY":22},"width":21,"sublayerTransform":[1,0,0,0,0,1,0,0,0,0,1,0,0,0,0,1],"contentsRect":{"y":0,"x":0,"width":1,"height":1},"opacity":1,"edgeAntialiasingMask":0,"height":30,"hidden":true,"anchorPoint":{"pointX":0.5,"pointY":0.5}},"texture":"CCFC2038301F9DE78035F416B2E83549"}]},{"animations":[],"initialState":{"affineTransform":[1,0,0,1,0,0],"masksToBounds":false,"rotation":0,"scale":1,"position":{"pointX":413,"pointY":43},"width":826,"sublayerTransform":[1,0,0,0,0,1,0,0,0,0,1,-0.0004922987690640373,0,0,0,1],"contentsRect":{"y":0,"x":0,"width":1,"height":1},"opacity":1,"edgeAntialiasingMask":15,"height":44,"hidden":false,"anchorPoint":{"pointX":0.5,"pointY":0.9772727272727273}},"layers":[{"animations":[{"repeatCount":0,"animations":[{"from":{"scalar":true},"beginTime":0,"repeatCount":0,"fillMode":"removed","property":"hidden","duration":2.529411764705883,"to":{"scalar":true}},{"from":{"scalar":false},"beginTime":2.529411764705883,"repeatCount":0,"fillMode":"forwards","property":"hidden","duration":1.470588235294117,"to":{"scalar":false}}],"beginTime":1e-100,"fillMode":"both","duration":4}],"layers":[],"initialState":{"affineTransform":[1,0,0,1,0,0],"masksToBounds":false,"rotation":0,"scale":1,"position":{"pointX":474.5,"pointY":22},"width":9,"sublayerTransform":[1,0,0,0,0,1,0,0,0,0,1,0,0,0,0,1],"contentsRect":{"y":0,"x":0,"width":1,"height":1},"opacity":1,"edgeAntialiasingMask":0,"height":30,"hidden":true,"anchorPoint":{"pointX":0.5,"pointY":0.5}},"texture":"5BC9D24A03A9D2870FE2A912AD857F9F"}]},{"animations":[],"initialState":{"affineTransform":[1,0,0,1,0,0],"masksToBounds":false,"rotation":0,"scale":1,"position":{"pointX":413,"pointY":43},"width":826,"sublayerTransform":[1,0,0,0,0,1,0,0,0,0,1,-0.0004922987690640373,0,0,0,1],"contentsRect":{"y":0,"x":0,"width":1,"height":1},"opacity":1,"edgeAntialiasingMask":15,"height":44,"hidden":false,"anchorPoint":{"pointX":0.5,"pointY":0.9772727272727273}},"layers":[{"animations":[{"repeatCount":0,"animations":[{"from":{"scalar":true},"beginTime":0,"repeatCount":0,"fillMode":"removed","property":"hidden","duration":2.635294117647059,"to":{"scalar":true}},{"from":{"scalar":false},"beginTime":2.635294117647059,"repeatCount":0,"fillMode":"forwards","property":"hidden","duration":1.364705882352941,"to":{"scalar":false}}],"beginTime":1e-100,"fillMode":"both","duration":4}],"layers":[],"initialState":{"affineTransform":[1,0,0,1,0,0],"masksToBounds":false,"rotation":0,"scale":1,"position":{"pointX":486.5,"pointY":25},"width":21,"sublayerTransform":[1,0,0,0,0,1,0,0,0,0,1,0,0,0,0,1],"contentsRect":{"y":0,"x":0,"width":1,"height":1},"opacity":1,"edgeAntialiasingMask":0,"height":24,"hidden":true,"anchorPoint":{"pointX":0.5,"pointY":0.5}},"texture":"5E1C8B8D378A2E63A62CA3D3885B6101"}]},{"animations":[],"initialState":{"affineTransform":[1,0,0,1,0,0],"masksToBounds":false,"rotation":0,"scale":1,"position":{"pointX":413,"pointY":43},"width":826,"sublayerTransform":[1,0,0,0,0,1,0,0,0,0,1,-0.0004922987690640373,0,0,0,1],"contentsRect":{"y":0,"x":0,"width":1,"height":1},"opacity":1,"edgeAntialiasingMask":15,"height":44,"hidden":false,"anchorPoint":{"pointX":0.5,"pointY":0.9772727272727273}},"layers":[{"animations":[{"repeatCount":0,"animations":[{"from":{"scalar":true},"beginTime":0,"repeatCount":0,"fillMode":"removed","property":"hidden","duration":2.741176470588235,"to":{"scalar":true}},{"from":{"scalar":false},"beginTime":2.741176470588235,"repeatCount":0,"fillMode":"forwards","property":"hidden","duration":1.258823529411765,"to":{"scalar":false}}],"beginTime":1e-100,"fillMode":"both","duration":4}],"layers":[],"initialState":{"affineTransform":[1,0,0,1,0,0],"masksToBounds":false,"rotation":0,"scale":1,"position":{"pointX":503,"pointY":25},"width":22,"sublayerTransform":[1,0,0,0,0,1,0,0,0,0,1,0,0,0,0,1],"contentsRect":{"y":0,"x":0,"width":1,"height":1},"opacity":1,"edgeAntialiasingMask":0,"height":24,"hidden":true,"anchorPoint":{"pointX":0.5,"pointY":0.5}},"texture":"BF738866C57E48EF537DAD3DDC65888A"}]},{"animations":[],"initialState":{"affineTransform":[1,0,0,1,0,0],"masksToBounds":false,"rotation":0,"scale":1,"position":{"pointX":413,"pointY":43},"width":826,"sublayerTransform":[1,0,0,0,0,1,0,0,0,0,1,-0.0004922987690640373,0,0,0,1],"contentsRect":{"y":0,"x":0,"width":1,"height":1},"opacity":1,"edgeAntialiasingMask":15,"height":44,"hidden":false,"anchorPoint":{"pointX":0.5,"pointY":0.9772727272727273}},"layers":[{"animations":[{"repeatCount":0,"animations":[{"from":{"scalar":true},"beginTime":0,"repeatCount":0,"fillMode":"removed","property":"hidden","duration":2.847058823529412,"to":{"scalar":true}},{"from":{"scalar":false},"beginTime":2.847058823529412,"repeatCount":0,"fillMode":"forwards","property":"hidden","duration":1.152941176470588,"to":{"scalar":false}}],"beginTime":1e-100,"fillMode":"both","duration":4}],"layers":[],"initialState":{"affineTransform":[1,0,0,1,0,0],"masksToBounds":false,"rotation":0,"scale":1,"position":{"pointX":515,"pointY":22},"width":10,"sublayerTransform":[1,0,0,0,0,1,0,0,0,0,1,0,0,0,0,1],"contentsRect":{"y":0,"x":0,"width":1,"height":1},"opacity":1,"edgeAntialiasingMask":0,"height":30,"hidden":true,"anchorPoint":{"pointX":0.5,"pointY":0.5}},"texture":"1FF3746BA1B42E343A2A598F85004C82"}]},{"animations":[],"initialState":{"affineTransform":[1,0,0,1,0,0],"masksToBounds":false,"rotation":0,"scale":1,"position":{"pointX":413,"pointY":43},"width":826,"sublayerTransform":[1,0,0,0,0,1,0,0,0,0,1,-0.0004922987690640373,0,0,0,1],"contentsRect":{"y":0,"x":0,"width":1,"height":1},"opacity":1,"edgeAntialiasingMask":15,"height":44,"hidden":false,"anchorPoint":{"pointX":0.5,"pointY":0.9772727272727273}},"layers":[{"animations":[{"repeatCount":0,"animations":[{"from":{"scalar":true},"beginTime":0,"repeatCount":0,"fillMode":"removed","property":"hidden","duration":2.952941176470588,"to":{"scalar":true}},{"from":{"scalar":false},"beginTime":2.952941176470588,"repeatCount":0,"fillMode":"forwards","property":"hidden","duration":1.047058823529412,"to":{"scalar":false}}],"beginTime":1e-100,"fillMode":"both","duration":4}],"layers":[],"initialState":{"affineTransform":[1,0,0,1,0,0],"masksToBounds":false,"rotation":0,"scale":1,"position":{"pointX":518.5,"pointY":33.5},"width":5,"sublayerTransform":[1,0,0,0,0,1,0,0,0,0,1,0,0,0,0,1],"contentsRect":{"y":0,"x":0,"width":1,"height":1},"opacity":1,"edgeAntialiasingMask":0,"height":5,"hidden":true,"anchorPoint":{"pointX":0.5,"pointY":0.5}},"texture":"6D0BB00954CEB7FBEE436BB55A8397A9"}]},{"animations":[],"initialState":{"affineTransform":[1,0,0,1,0,0],"masksToBounds":false,"rotation":0,"scale":1,"position":{"pointX":413,"pointY":43},"width":826,"sublayerTransform":[1,0,0,0,0,1,0,0,0,0,1,-0.0004922987690640373,0,0,0,1],"contentsRect":{"y":0,"x":0,"width":1,"height":1},"opacity":1,"edgeAntialiasingMask":15,"height":44,"hidden":false,"anchorPoint":{"pointX":0.5,"pointY":0.9772727272727273}},"layers":[{"animations":[{"repeatCount":0,"animations":[{"from":{"scalar":true},"beginTime":0,"repeatCount":0,"fillMode":"removed","property":"hidden","duration":3.058823529411765,"to":{"scalar":true}},{"from":{"scalar":false},"beginTime":3.058823529411765,"repeatCount":0,"fillMode":"forwards","property":"hidden","duration":0.9411764705882351,"to":{"scalar":false}}],"beginTime":1e-100,"fillMode":"both","duration":4}],"layers":[],"initialState":{"affineTransform":[1,0,0,1,0,0],"masksToBounds":false,"rotation":0,"scale":1,"position":{"pointX":536.5,"pointY":25},"width":21,"sublayerTransform":[1,0,0,0,0,1,0,0,0,0,1,0,0,0,0,1],"contentsRect":{"y":0,"x":0,"width":1,"height":1},"opacity":1,"edgeAntialiasingMask":0,"height":24,"hidden":true,"anchorPoint":{"pointX":0.5,"pointY":0.5}},"texture":"8485A018D6CB223824842F701CDF5395"}]},{"animations":[],"initialState":{"affineTransform":[1,0,0,1,0,0],"masksToBounds":false,"rotation":0,"scale":1,"position":{"pointX":413,"pointY":43},"width":826,"sublayerTransform":[1,0,0,0,0,1,0,0,0,0,1,-0.0004922987690640373,0,0,0,1],"contentsRect":{"y":0,"x":0,"width":1,"height":1},"opacity":1,"edgeAntialiasingMask":15,"height":44,"hidden":false,"anchorPoint":{"pointX":0.5,"pointY":0.9772727272727273}},"layers":[{"animations":[{"repeatCount":0,"animations":[{"from":{"scalar":true},"beginTime":0,"repeatCount":0,"fillMode":"removed","property":"hidden","duration":3.164705882352941,"to":{"scalar":true}},{"from":{"scalar":false},"beginTime":3.164705882352941,"repeatCount":0,"fillMode":"forwards","property":"hidden","duration":0.8352941176470585,"to":{"scalar":false}}],"beginTime":1e-100,"fillMode":"both","duration":4}],"layers":[],"initialState":{"affineTransform":[1,0,0,1,0,0],"masksToBounds":false,"rotation":0,"scale":1,"position":{"pointX":552.5,"pointY":22},"width":21,"sublayerTransform":[1,0,0,0,0,1,0,0,0,0,1,0,0,0,0,1],"contentsRect":{"y":0,"x":0,"width":1,"height":1},"opacity":1,"edgeAntialiasingMask":0,"height":30,"hidden":true,"anchorPoint":{"pointX":0.5,"pointY":0.5}},"texture":"9D52BB336D3E1F17044D78A1C20D83BC"}]},{"animations":[],"initialState":{"affineTransform":[1,0,0,1,0,0],"masksToBounds":false,"rotation":0,"scale":1,"position":{"pointX":413,"pointY":43},"width":826,"sublayerTransform":[1,0,0,0,0,1,0,0,0,0,1,-0.0004922987690640373,0,0,0,1],"contentsRect":{"y":0,"x":0,"width":1,"height":1},"opacity":1,"edgeAntialiasingMask":15,"height":44,"hidden":false,"anchorPoint":{"pointX":0.5,"pointY":0.9772727272727273}},"layers":[{"animations":[{"repeatCount":0,"animations":[{"from":{"scalar":true},"beginTime":0,"repeatCount":0,"fillMode":"removed","property":"hidden","duration":3.270588235294118,"to":{"scalar":true}},{"from":{"scalar":false},"beginTime":3.270588235294118,"repeatCount":0,"fillMode":"forwards","property":"hidden","duration":0.7294117647058824,"to":{"scalar":false}}],"beginTime":1e-100,"fillMode":"both","duration":4}],"layers":[],"initialState":{"affineTransform":[1,0,0,1,0,0],"masksToBounds":false,"rotation":0,"scale":1,"position":{"pointX":570.5,"pointY":25},"width":23,"sublayerTransform":[1,0,0,0,0,1,0,0,0,0,1,0,0,0,0,1],"contentsRect":{"y":0,"x":0,"width":1,"height":1},"opacity":1,"edgeAntialiasingMask":0,"height":24,"hidden":true,"anchorPoint":{"pointX":0.5,"pointY":0.5}},"texture":"723A9364252866B2261E46CFBB508E1A"}]},{"animations":[],"initialState":{"affineTransform":[1,0,0,1,0,0],"masksToBounds":false,"rotation":0,"scale":1,"position":{"pointX":413,"pointY":43},"width":826,"sublayerTransform":[1,0,0,0,0,1,0,0,0,0,1,-0.0004922987690640373,0,0,0,1],"contentsRect":{"y":0,"x":0,"width":1,"height":1},"opacity":1,"edgeAntialiasingMask":15,"height":44,"hidden":false,"anchorPoint":{"pointX":0.5,"pointY":0.9772727272727273}},"layers":[{"animations":[{"repeatCount":0,"animations":[{"from":{"scalar":true},"beginTime":0,"repeatCount":0,"fillMode":"removed","property":"hidden","duration":3.376470588235294,"to":{"scalar":true}},{"from":{"scalar":false},"beginTime":3.376470588235294,"repeatCount":0,"fillMode":"forwards","property":"hidden","duration":0.6235294117647059,"to":{"scalar":false}}],"beginTime":1e-100,"fillMode":"both","duration":4}],"layers":[],"initialState":{"affineTransform":[1,0,0,1,0,0],"masksToBounds":false,"rotation":0,"scale":1,"position":{"pointX":588.5,"pointY":25},"width":21,"sublayerTransform":[1,0,0,0,0,1,0,0,0,0,1,0,0,0,0,1],"contentsRect":{"y":0,"x":0,"width":1,"height":1},"opacity":1,"edgeAntialiasingMask":0,"height":24,"hidden":true,"anchorPoint":{"pointX":0.5,"pointY":0.5}},"texture":"ECC8FDE5DE2E7B18EEA3BCC36F0D706D"}]},{"animations":[],"initialState":{"affineTransform":[1,0,0,1,0,0],"masksToBounds":false,"rotation":0,"scale":1,"position":{"pointX":413,"pointY":43},"width":826,"sublayerTransform":[1,0,0,0,0,1,0,0,0,0,1,-0.0004922987690640373,0,0,0,1],"contentsRect":{"y":0,"x":0,"width":1,"height":1},"opacity":1,"edgeAntialiasingMask":15,"height":44,"hidden":false,"anchorPoint":{"pointX":0.5,"pointY":0.9772727272727273}},"layers":[{"animations":[{"repeatCount":0,"animations":[{"from":{"scalar":true},"beginTime":0,"repeatCount":0,"fillMode":"removed","property":"hidden","duration":3.482352941176471,"to":{"scalar":true}},{"from":{"scalar":false},"beginTime":3.482352941176471,"repeatCount":0,"fillMode":"forwards","property":"hidden","duration":0.5176470588235293,"to":{"scalar":false}}],"beginTime":1e-100,"fillMode":"both","duration":4}],"layers":[],"initialState":{"affineTransform":[1,0,0,1,0,0],"masksToBounds":false,"rotation":0,"scale":1,"position":{"pointX":605.5,"pointY":28},"width":21,"sublayerTransform":[1,0,0,0,0,1,0,0,0,0,1,0,0,0,0,1],"contentsRect":{"y":0,"x":0,"width":1,"height":1},"opacity":1,"edgeAntialiasingMask":0,"height":30,"hidden":true,"anchorPoint":{"pointX":0.5,"pointY":0.5}},"texture":"035940C24C3F15D9C25F0F71B736B1CB"}]},{"animations":[],"initialState":{"affineTransform":[1,0,0,1,0,0],"masksToBounds":false,"rotation":0,"scale":1,"position":{"pointX":413,"pointY":43},"width":826,"sublayerTransform":[1,0,0,0,0,1,0,0,0,0,1,-0.0004922987690640373,0,0,0,1],"contentsRect":{"y":0,"x":0,"width":1,"height":1},"opacity":1,"edgeAntialiasingMask":15,"height":44,"hidden":false,"anchorPoint":{"pointX":0.5,"pointY":0.9772727272727273}},"layers":[{"animations":[{"repeatCount":0,"animations":[{"from":{"scalar":true},"beginTime":0,"repeatCount":0,"fillMode":"removed","property":"hidden","duration":3.588235294117647,"to":{"scalar":true}},{"from":{"scalar":false},"beginTime":3.588235294117647,"repeatCount":0,"fillMode":"forwards","property":"hidden","duration":0.4117647058823528,"to":{"scalar":false}}],"beginTime":1e-100,"fillMode":"both","duration":4}],"layers":[],"initialState":{"affineTransform":[1,0,0,1,0,0],"masksToBounds":false,"rotation":0,"scale":1,"position":{"pointX":624,"pointY":25},"width":22,"sublayerTransform":[1,0,0,0,0,1,0,0,0,0,1,0,0,0,0,1],"contentsRect":{"y":0,"x":0,"width":1,"height":1},"opacity":1,"edgeAntialiasingMask":0,"height":24,"hidden":true,"anchorPoint":{"pointX":0.5,"pointY":0.5}},"texture":"02ECBB397F73DA718D917924A19C94BC"}]},{"animations":[],"initialState":{"affineTransform":[1,0,0,1,0,0],"masksToBounds":false,"rotation":0,"scale":1,"position":{"pointX":413,"pointY":43},"width":826,"sublayerTransform":[1,0,0,0,0,1,0,0,0,0,1,-0.0004922987690640373,0,0,0,1],"contentsRect":{"y":0,"x":0,"width":1,"height":1},"opacity":1,"edgeAntialiasingMask":15,"height":44,"hidden":false,"anchorPoint":{"pointX":0.5,"pointY":0.9772727272727273}},"layers":[{"animations":[{"repeatCount":0,"animations":[{"from":{"scalar":true},"beginTime":0,"repeatCount":0,"fillMode":"removed","property":"hidden","duration":3.694117647058824,"to":{"scalar":true}},{"from":{"scalar":false},"beginTime":3.694117647058824,"repeatCount":0,"fillMode":"forwards","property":"hidden","duration":0.3058823529411763,"to":{"scalar":false}}],"beginTime":1e-100,"fillMode":"both","duration":4}],"layers":[],"initialState":{"affineTransform":[1,0,0,1,0,0],"masksToBounds":false,"rotation":0,"scale":1,"position":{"pointX":649,"pointY":31.5},"width":32,"sublayerTransform":[1,0,0,0,0,1,0,0,0,0,1,0,0,0,0,1],"contentsRect":{"y":0,"x":0,"width":1,"height":1},"opacity":1,"edgeAntialiasingMask":0,"height":11,"hidden":true,"anchorPoint":{"pointX":0.5,"pointY":0.5}},"texture":"25CD55BB94E6C8D213BAB5202B92CF48"}]}]},"effects":[],"duration":4,"type":"buildIn","name":"apple:bc-typewriter","objectID":0}],"automaticPlay":true,"hyperlinks":[],"accessibility":[],"baseLayer":{"animations":[],"initialState":{"affineTransform":[1,0,0,1,0,0],"masksToBounds":true,"rotation":0,"scale":1,"position":{"pointX":512,"pointY":384},"width":1024,"sublayerTransform":[1,0,0,0,0,1,0,0,0,0,1,0,0,0,0,1],"contentsRect":{"y":0,"x":0,"width":1,"height":1},"opacity":1,"edgeAntialiasingMask":0,"height":768,"hidden":false,"anchorPoint":{"pointX":0.5,"pointY":0.5}},"layers":[{"animations":[],"initialState":{"affineTransform":[1,0,0,1,0,0],"masksToBounds":false,"rotation":0,"scale":1,"position":{"pointX":512,"pointY":384},"width":1024,"sublayerTransform":[1,0,0,0,0,1,0,0,0,0,1,0,0,0,0,1],"contentsRect":{"y":0,"x":0,"width":1,"height":1},"opacity":1,"edgeAntialiasingMask":15,"height":768,"hidden":false,"anchorPoint":{"pointX":0.5,"pointY":0.5}},"layers":[{"animations":[],"initialState":{"affineTransform":[1,0,0,1,0,0],"masksToBounds":false,"rotation":0,"scale":1,"position":{"pointX":512,"pointY":384},"width":1024,"sublayerTransform":[1,0,0,0,0,1,0,0,0,0,1,0,0,0,0,1],"contentsRect":{"y":0,"x":0,"width":1,"height":1},"opacity":1,"edgeAntialiasingMask":15,"height":768,"hidden":false,"anchorPoint":{"pointX":0.5,"pointY":0.5}},"layers":[{"animations":[],"layers":[],"initialState":{"affineTransform":[1,0,0,1,0,0],"masksToBounds":false,"rotation":0,"scale":1,"position":{"pointX":512,"pointY":384},"width":1024,"sublayerTransform":[1,0,0,0,0,1,0,0,0,0,1,0,0,0,0,1],"contentsRect":{"y":0,"x":0,"width":1,"height":1},"opacity":1,"edgeAntialiasingMask":0,"height":768,"hidden":false,"anchorPoint":{"pointX":0.5,"pointY":0.5}},"texture":"B01A71E7A4B3D1EE0894145304E52B56"}]}]},{"animations":[],"initialState":{"affineTransform":[1,0,0,1,0,0],"masksToBounds":false,"rotation":0,"scale":1,"position":{"pointX":512,"pointY":384},"width":1024,"sublayerTransform":[1,0,0,0,0,1,0,0,0,0,1,0,0,0,0,1],"contentsRect":{"y":0,"x":0,"width":1,"height":1},"opacity":1,"edgeAntialiasingMask":15,"height":768,"hidden":false,"anchorPoint":{"pointX":0.5,"pointY":0.5}},"layers":[{"animations":[],"initialState":{"affineTransform":[1,0,0,1,0,0],"masksToBounds":false,"rotation":0,"scale":1,"position":{"pointX":512,"pointY":363},"width":826,"sublayerTransform":[1,0,0,0,0,1,0,0,0,0,1,0,0,0,0,1],"contentsRect":{"y":0,"x":0,"width":1,"height":1},"opacity":1,"edgeAntialiasingMask":15,"height":44,"hidden":false,"anchorPoint":{"pointX":0.5,"pointY":0.5}},"objectID":0,"layers":[{"animations":[],"layers":[],"initialState":{"affineTransform":[1,0,0,1,0,0],"masksToBounds":false,"rotation":0,"scale":1,"position":{"pointX":174,"pointY":22},"width":28,"sublayerTransform":[1,0,0,0,0,1,0,0,0,0,1,0,0,0,0,1],"contentsRect":{"y":0,"x":0,"width":1,"height":1},"opacity":1,"edgeAntialiasingMask":0,"height":30,"hidden":true,"anchorPoint":{"pointX":0.5,"pointY":0.5}},"texture":"8C17DED38584B1B8939DDFA5BC4E9200"},{"animations":[],"layers":[],"initialState":{"affineTransform":[1,0,0,1,0,0],"masksToBounds":false,"rotation":0,"scale":1,"position":{"pointX":193.5,"pointY":25},"width":21,"sublayerTransform":[1,0,0,0,0,1,0,0,0,0,1,0,0,0,0,1],"contentsRect":{"y":0,"x":0,"width":1,"height":1},"opacity":1,"edgeAntialiasingMask":0,"height":24,"hidden":true,"anchorPoint":{"pointX":0.5,"pointY":0.5}},"texture":"09E8D4B59B831A078D20B9DA2C0243D1"},{"animations":[],"layers":[],"initialState":{"affineTransform":[1,0,0,1,0,0],"masksToBounds":false,"rotation":0,"scale":1,"position":{"pointX":202.5,"pointY":33.5},"width":5,"sublayerTransform":[1,0,0,0,0,1,0,0,0,0,1,0,0,0,0,1],"contentsRect":{"y":0,"x":0,"width":1,"height":1},"opacity":1,"edgeAntialiasingMask":0,"height":5,"hidden":true,"anchorPoint":{"pointX":0.5,"pointY":0.5}},"texture":"6D0BB00954CEB7FBEE436BB55A8397A9"},{"animations":[],"layers":[],"initialState":{"affineTransform":[1,0,0,1,0,0],"masksToBounds":false,"rotation":0,"scale":1,"position":{"pointX":220,"pointY":25},"width":22,"sublayerTransform":[1,0,0,0,0,1,0,0,0,0,1,0,0,0,0,1],"contentsRect":{"y":0,"x":0,"width":1,"height":1},"opacity":1,"edgeAntialiasingMask":0,"height":24,"hidden":true,"anchorPoint":{"pointX":0.5,"pointY":0.5}},"texture":"A5A4A605741161B0DE99E3AA3323CF02"},{"animations":[],"layers":[],"initialState":{"affineTransform":[1,0,0,1,0,0],"masksToBounds":false,"rotation":0,"scale":1,"position":{"pointX":238.5,"pointY":28},"width":21,"sublayerTransform":[1,0,0,0,0,1,0,0,0,0,1,0,0,0,0,1],"contentsRect":{"y":0,"x":0,"width":1,"height":1},"opacity":1,"edgeAntialiasingMask":0,"height":30,"hidden":true,"anchorPoint":{"pointX":0.5,"pointY":0.5}},"texture":"34104F6EE23CE8D069C8EA0FF914749D"},{"animations":[],"layers":[],"initialState":{"affineTransform":[1,0,0,1,0,0],"masksToBounds":false,"rotation":0,"scale":1,"position":{"pointX":256,"pointY":28},"width":22,"sublayerTransform":[1,0,0,0,0,1,0,0,0,0,1,0,0,0,0,1],"contentsRect":{"y":0,"x":0,"width":1,"height":1},"opacity":1,"edgeAntialiasingMask":0,"height":30,"hidden":true,"anchorPoint":{"pointX":0.5,"pointY":0.5}},"texture":"8222C361A35734A021CF578BE5DC5145"},{"animations":[],"layers":[],"initialState":{"affineTransform":[1,0,0,1,0,0],"masksToBounds":false,"rotation":0,"scale":1,"position":{"pointX":273.5,"pointY":25},"width":23,"sublayerTransform":[1,0,0,0,0,1,0,0,0,0,1,0,0,0,0,1],"contentsRect":{"y":0,"x":0,"width":1,"height":1},"opacity":1,"edgeAntialiasingMask":0,"height":24,"hidden":true,"anchorPoint":{"pointX":0.5,"pointY":0.5}},"texture":"93BCF48465F07F3B597FD9BD4AFFD370"},{"animations":[],"layers":[],"initialState":{"affineTransform":[1,0,0,1,0,0],"masksToBounds":false,"rotation":0,"scale":1,"position":{"pointX":289,"pointY":25},"width":16,"sublayerTransform":[1,0,0,0,0,1,0,0,0,0,1,0,0,0,0,1],"contentsRect":{"y":0,"x":0,"width":1,"height":1},"opacity":1,"edgeAntialiasingMask":0,"height":24,"hidden":true,"anchorPoint":{"pointX":0.5,"pointY":0.5}},"texture":"2C3C87FC184F32976D09C04B50750676"},{"animations":[],"layers":[],"initialState":{"affineTransform":[1,0,0,1,0,0],"masksToBounds":false,"rotation":0,"scale":1,"position":{"pointX":297.5,"pointY":22},"width":15,"sublayerTransform":[1,0,0,0,0,1,0,0,0,0,1,0,0,0,0,1],"contentsRect":{"y":0,"x":0,"width":1,"height":1},"opacity":1,"edgeAntialiasingMask":0,"height":30,"hidden":true,"anchorPoint":{"pointX":0.5,"pointY":0.5}},"texture":"19021FB5301D1A7741293E062668EBA6"},{"animations":[],"layers":[],"initialState":{"affineTransform":[1,0,0,1,0,0],"masksToBounds":false,"rotation":0,"scale":1,"position":{"pointX":311,"pointY":25},"width":20,"sublayerTransform":[1,0,0,0,0,1,0,0,0,0,1,0,0,0,0,1],"contentsRect":{"y":0,"x":0,"width":1,"height":1},"opacity":1,"edgeAntialiasingMask":0,"height":24,"hidden":true,"anchorPoint":{"pointX":0.5,"pointY":0.5}},"texture":"9E1CA62288089917696B919F3EFC14B2"},{"animations":[],"layers":[],"initialState":{"affineTransform":[1,0,0,1,0,0],"masksToBounds":false,"rotation":0,"scale":1,"position":{"pointX":328.5,"pointY":25},"width":21,"sublayerTransform":[1,0,0,0,0,1,0,0,0,0,1,0,0,0,0,1],"contentsRect":{"y":0,"x":0,"width":1,"height":1},"opacity":1,"edgeAntialiasingMask":0,"height":24,"hidden":true,"anchorPoint":{"pointX":0.5,"pointY":0.5}},"texture":"355C80EEBC18935472ACA31CBD1A1E64"},{"animations":[],"layers":[],"initialState":{"affineTransform":[1,0,0,1,0,0],"masksToBounds":false,"rotation":0,"scale":1,"position":{"pointX":341,"pointY":22},"width":10,"sublayerTransform":[1,0,0,0,0,1,0,0,0,0,1,0,0,0,0,1],"contentsRect":{"y":0,"x":0,"width":1,"height":1},"opacity":1,"edgeAntialiasingMask":0,"height":30,"hidden":true,"anchorPoint":{"pointX":0.5,"pointY":0.5}},"texture":"2E345607217D017281FA413F8E75062D"},{"animations":[],"layers":[],"initialState":{"affineTransform":[1,0,0,1,0,0],"masksToBounds":false,"rotation":0,"scale":1,"position":{"pointX":349.5,"pointY":22},"width":15,"sublayerTransform":[1,0,0,0,0,1,0,0,0,0,1,0,0,0,0,1],"contentsRect":{"y":0,"x":0,"width":1,"height":1},"opacity":1,"edgeAntialiasingMask":0,"height":30,"hidden":true,"anchorPoint":{"pointX":0.5,"pointY":0.5}},"texture":"7AD07F9569FF33250F3491566621A84A"},{"animations":[],"layers":[],"initialState":{"affineTransform":[1,0,0,1,0,0],"masksToBounds":false,"rotation":0,"scale":1,"position":{"pointX":362,"pointY":28},"width":22,"sublayerTransform":[1,0,0,0,0,1,0,0,0,0,1,0,0,0,0,1],"contentsRect":{"y":0,"x":0,"width":1,"height":1},"opacity":1,"edgeAntialiasingMask":0,"height":30,"hidden":true,"anchorPoint":{"pointX":0.5,"pointY":0.5}},"texture":"AD7FA87560540C0606F944D98446777E"},{"animations":[],"layers":[],"initialState":{"affineTransform":[1,0,0,1,0,0],"masksToBounds":false,"rotation":0,"scale":1,"position":{"pointX":369.5,"pointY":33.5},"width":5,"sublayerTransform":[1,0,0,0,0,1,0,0,0,0,1,0,0,0,0,1],"contentsRect":{"y":0,"x":0,"width":1,"height":1},"opacity":1,"edgeAntialiasingMask":0,"height":5,"hidden":true,"anchorPoint":{"pointX":0.5,"pointY":0.5}},"texture":"6D0BB00954CEB7FBEE436BB55A8397A9"},{"animations":[],"layers":[],"initialState":{"affineTransform":[1,0,0,1,0,0],"masksToBounds":false,"rotation":0,"scale":1,"position":{"pointX":383.5,"pointY":21.5},"width":17,"sublayerTransform":[1,0,0,0,0,1,0,0,0,0,1,0,0,0,0,1],"contentsRect":{"y":0,"x":0,"width":1,"height":1},"opacity":1,"edgeAntialiasingMask":0,"height":31,"hidden":true,"anchorPoint":{"pointX":0.5,"pointY":0.5}},"texture":"45257765E6DF584852550BC7B6CE724E"},{"animations":[],"layers":[],"initialState":{"affineTransform":[1,0,0,1,0,0],"masksToBounds":false,"rotation":0,"scale":1,"position":{"pointX":396,"pointY":25},"width":22,"sublayerTransform":[1,0,0,0,0,1,0,0,0,0,1,0,0,0,0,1],"contentsRect":{"y":0,"x":0,"width":1,"height":1},"opacity":1,"edgeAntialiasingMask":0,"height":24,"hidden":true,"anchorPoint":{"pointX":0.5,"pointY":0.5}},"texture":"0197BA250366F2DA15F19D8145A59538"},{"animations":[],"layers":[],"initialState":{"affineTransform":[1,0,0,1,0,0],"masksToBounds":false,"rotation":0,"scale":1,"position":{"pointX":412,"pointY":25},"width":16,"sublayerTransform":[1,0,0,0,0,1,0,0,0,0,1,0,0,0,0,1],"contentsRect":{"y":0,"x":0,"width":1,"height":1},"opacity":1,"edgeAntialiasingMask":0,"height":24,"hidden":true,"anchorPoint":{"pointX":0.5,"pointY":0.5}},"texture":"E72A78F50179FA339F94EDD344A9A44E"},{"animations":[],"layers":[],"initialState":{"affineTransform":[1,0,0,1,0,0],"masksToBounds":false,"rotation":0,"scale":1,"position":{"pointX":415.5,"pointY":33.5},"width":5,"sublayerTransform":[1,0,0,0,0,1,0,0,0,0,1,0,0,0,0,1],"contentsRect":{"y":0,"x":0,"width":1,"height":1},"opacity":1,"edgeAntialiasingMask":0,"height":5,"hidden":true,"anchorPoint":{"pointX":0.5,"pointY":0.5}},"texture":"6D0BB00954CEB7FBEE436BB55A8397A9"},{"animations":[],"layers":[],"initialState":{"affineTransform":[1,0,0,1,0,0],"masksToBounds":false,"rotation":0,"scale":1,"position":{"pointX":431,"pointY":25},"width":16,"sublayerTransform":[1,0,0,0,0,1,0,0,0,0,1,0,0,0,0,1],"contentsRect":{"y":0,"x":0,"width":1,"height":1},"opacity":1,"edgeAntialiasingMask":0,"height":24,"hidden":true,"anchorPoint":{"pointX":0.5,"pointY":0.5}},"texture":"9D5C3CAD3922B75E57C4C5364A3C6BC7"},{"animations":[],"layers":[],"initialState":{"affineTransform":[1,0,0,1,0,0],"masksToBounds":false,"rotation":0,"scale":1,"position":{"pointX":444,"pointY":25},"width":22,"sublayerTransform":[1,0,0,0,0,1,0,0,0,0,1,0,0,0,0,1],"contentsRect":{"y":0,"x":0,"width":1,"height":1},"opacity":1,"edgeAntialiasingMask":0,"height":24,"hidden":true,"anchorPoint":{"pointX":0.5,"pointY":0.5}},"texture":"77D9190B1AEA26E54077A42B4C36CC6D"},{"animations":[],"layers":[],"initialState":{"affineTransform":[1,0,0,1,0,0],"masksToBounds":false,"rotation":0,"scale":1,"position":{"pointX":461.5,"pointY":22},"width":21,"sublayerTransform":[1,0,0,0,0,1,0,0,0,0,1,0,0,0,0,1],"contentsRect":{"y":0,"x":0,"width":1,"height":1},"opacity":1,"edgeAntialiasingMask":0,"height":30,"hidden":true,"anchorPoint":{"pointX":0.5,"pointY":0.5}},"texture":"CCFC2038301F9DE78035F416B2E83549"},{"animations":[],"layers":[],"initialState":{"affineTransform":[1,0,0,1,0,0],"masksToBounds":false,"rotation":0,"scale":1,"position":{"pointX":474.5,"pointY":22},"width":9,"sublayerTransform":[1,0,0,0,0,1,0,0,0,0,1,0,0,0,0,1],"contentsRect":{"y":0,"x":0,"width":1,"height":1},"opacity":1,"edgeAntialiasingMask":0,"height":30,"hidden":true,"anchorPoint":{"pointX":0.5,"pointY":0.5}},"texture":"5BC9D24A03A9D2870FE2A912AD857F9F"},{"animations":[],"layers":[],"initialState":{"affineTransform":[1,0,0,1,0,0],"masksToBounds":false,"rotation":0,"scale":1,"position":{"pointX":486.5,"pointY":25},"width":21,"sublayerTransform":[1,0,0,0,0,1,0,0,0,0,1,0,0,0,0,1],"contentsRect":{"y":0,"x":0,"width":1,"height":1},"opacity":1,"edgeAntialiasingMask":0,"height":24,"hidden":true,"anchorPoint":{"pointX":0.5,"pointY":0.5}},"texture":"5E1C8B8D378A2E63A62CA3D3885B6101"},{"animations":[],"layers":[],"initialState":{"affineTransform":[1,0,0,1,0,0],"masksToBounds":false,"rotation":0,"scale":1,"position":{"pointX":503,"pointY":25},"width":22,"sublayerTransform":[1,0,0,0,0,1,0,0,0,0,1,0,0,0,0,1],"contentsRect":{"y":0,"x":0,"width":1,"height":1},"opacity":1,"edgeAntialiasingMask":0,"height":24,"hidden":true,"anchorPoint":{"pointX":0.5,"pointY":0.5}},"texture":"BF738866C57E48EF537DAD3DDC65888A"},{"animations":[],"layers":[],"initialState":{"affineTransform":[1,0,0,1,0,0],"masksToBounds":false,"rotation":0,"scale":1,"position":{"pointX":515,"pointY":22},"width":10,"sublayerTransform":[1,0,0,0,0,1,0,0,0,0,1,0,0,0,0,1],"contentsRect":{"y":0,"x":0,"width":1,"height":1},"opacity":1,"edgeAntialiasingMask":0,"height":30,"hidden":true,"anchorPoint":{"pointX":0.5,"pointY":0.5}},"texture":"1FF3746BA1B42E343A2A598F85004C82"},{"animations":[],"layers":[],"initialState":{"affineTransform":[1,0,0,1,0,0],"masksToBounds":false,"rotation":0,"scale":1,"position":{"pointX":518.5,"pointY":33.5},"width":5,"sublayerTransform":[1,0,0,0,0,1,0,0,0,0,1,0,0,0,0,1],"contentsRect":{"y":0,"x":0,"width":1,"height":1},"opacity":1,"edgeAntialiasingMask":0,"height":5,"hidden":true,"anchorPoint":{"pointX":0.5,"pointY":0.5}},"texture":"6D0BB00954CEB7FBEE436BB55A8397A9"},{"animations":[],"layers":[],"initialState":{"affineTransform":[1,0,0,1,0,0],"masksToBounds":false,"rotation":0,"scale":1,"position":{"pointX":536.5,"pointY":25},"width":21,"sublayerTransform":[1,0,0,0,0,1,0,0,0,0,1,0,0,0,0,1],"contentsRect":{"y":0,"x":0,"width":1,"height":1},"opacity":1,"edgeAntialiasingMask":0,"height":24,"hidden":true,"anchorPoint":{"pointX":0.5,"pointY":0.5}},"texture":"8485A018D6CB223824842F701CDF5395"},{"animations":[],"layers":[],"initialState":{"affineTransform":[1,0,0,1,0,0],"masksToBounds":false,"rotation":0,"scale":1,"position":{"pointX":552.5,"pointY":22},"width":21,"sublayerTransform":[1,0,0,0,0,1,0,0,0,0,1,0,0,0,0,1],"contentsRect":{"y":0,"x":0,"width":1,"height":1},"opacity":1,"edgeAntialiasingMask":0,"height":30,"hidden":true,"anchorPoint":{"pointX":0.5,"pointY":0.5}},"texture":"9D52BB336D3E1F17044D78A1C20D83BC"},{"animations":[],"layers":[],"initialState":{"affineTransform":[1,0,0,1,0,0],"masksToBounds":false,"rotation":0,"scale":1,"position":{"pointX":570.5,"pointY":25},"width":23,"sublayerTransform":[1,0,0,0,0,1,0,0,0,0,1,0,0,0,0,1],"contentsRect":{"y":0,"x":0,"width":1,"height":1},"opacity":1,"edgeAntialiasingMask":0,"height":24,"hidden":true,"anchorPoint":{"pointX":0.5,"pointY":0.5}},"texture":"723A9364252866B2261E46CFBB508E1A"},{"animations":[],"layers":[],"initialState":{"affineTransform":[1,0,0,1,0,0],"masksToBounds":false,"rotation":0,"scale":1,"position":{"pointX":588.5,"pointY":25},"width":21,"sublayerTransform":[1,0,0,0,0,1,0,0,0,0,1,0,0,0,0,1],"contentsRect":{"y":0,"x":0,"width":1,"height":1},"opacity":1,"edgeAntialiasingMask":0,"height":24,"hidden":true,"anchorPoint":{"pointX":0.5,"pointY":0.5}},"texture":"ECC8FDE5DE2E7B18EEA3BCC36F0D706D"},{"animations":[],"layers":[],"initialState":{"affineTransform":[1,0,0,1,0,0],"masksToBounds":false,"rotation":0,"scale":1,"position":{"pointX":605.5,"pointY":28},"width":21,"sublayerTransform":[1,0,0,0,0,1,0,0,0,0,1,0,0,0,0,1],"contentsRect":{"y":0,"x":0,"width":1,"height":1},"opacity":1,"edgeAntialiasingMask":0,"height":30,"hidden":true,"anchorPoint":{"pointX":0.5,"pointY":0.5}},"texture":"035940C24C3F15D9C25F0F71B736B1CB"},{"animations":[],"layers":[],"initialState":{"affineTransform":[1,0,0,1,0,0],"masksToBounds":false,"rotation":0,"scale":1,"position":{"pointX":624,"pointY":25},"width":22,"sublayerTransform":[1,0,0,0,0,1,0,0,0,0,1,0,0,0,0,1],"contentsRect":{"y":0,"x":0,"width":1,"height":1},"opacity":1,"edgeAntialiasingMask":0,"height":24,"hidden":true,"anchorPoint":{"pointX":0.5,"pointY":0.5}},"texture":"02ECBB397F73DA718D917924A19C94BC"},{"animations":[],"layers":[],"initialState":{"affineTransform":[1,0,0,1,0,0],"masksToBounds":false,"rotation":0,"scale":1,"position":{"pointX":649,"pointY":31.5},"width":32,"sublayerTransform":[1,0,0,0,0,1,0,0,0,0,1,0,0,0,0,1],"contentsRect":{"y":0,"x":0,"width":1,"height":1},"opacity":1,"edgeAntialiasingMask":0,"height":11,"hidden":true,"anchorPoint":{"pointX":0.5,"pointY":0.5}},"texture":"25CD55BB94E6C8D213BAB5202B92CF48"}]}]}]}},{"effects":[{"beginTime":0,"baseLayer":{"animations":[],"initialState":{"affineTransform":[1,0,0,1,0,0],"masksToBounds":true,"rotation":0,"scale":1,"position":{"pointX":512,"pointY":384},"width":1024,"sublayerTransform":[1,0,0,0,0,1,0,0,0,0,1,0,0,0,0,1],"contentsRect":{"y":0,"x":0,"width":1,"height":1},"opacity":1,"edgeAntialiasingMask":0,"height":768,"hidden":false,"anchorPoint":{"pointX":0.5,"pointY":0.5}},"objectID":0,"layers":[{"animations":[],"initialState":{"affineTransform":[1,0,0,1,0,0],"masksToBounds":false,"rotation":0,"scale":1,"position":{"pointX":512,"pointY":384},"width":1024,"sublayerTransform":[1,0,0,0,0,1,0,0,0,0,1,-0.0004922987690640373,0,0,0,1],"contentsRect":{"y":0,"x":0,"width":1,"height":1},"opacity":1,"edgeAntialiasingMask":15,"height":768,"hidden":false,"anchorPoint":{"pointX":0.5,"pointY":0.5}},"layers":[{"animations":[],"layers":[],"initialState":{"affineTransform":[1,0,0,1,0,0],"masksToBounds":false,"rotation":0,"scale":1,"position":{"pointX":512,"pointY":384},"width":1024,"sublayerTransform":[1,0,0,0,0,1,0,0,0,0,1,0,0,0,0,1],"contentsRect":{"y":0,"x":0,"width":1,"height":1},"opacity":1,"edgeAntialiasingMask":0,"height":768,"hidden":false,"anchorPoint":{"pointX":0.5,"pointY":0.5}},"texture":"51F939F7BDBFFB77671F3E1EA33B7CE4"},{"animations":[{"from":{"scalar":1},"beginTime":0,"repeatCount":0,"fillMode":"both","property":"opacity","duration":0.75,"timingFunction":"easeInEaseOut","to":{"scalar":0}}],"layers":[],"initialState":{"affineTransform":[1,0,0,1,0,0],"masksToBounds":false,"rotation":0,"scale":1,"position":{"pointX":512,"pointY":384},"width":1024,"sublayerTransform":[1,0,0,0,0,1,0,0,0,0,1,0,0,0,0,1],"contentsRect":{"y":0,"x":0,"width":1,"height":1},"opacity":1,"edgeAntialiasingMask":0,"height":768,"hidden":false,"anchorPoint":{"pointX":0.5,"pointY":0.5}},"texture":"7B979A8116D6FE10E70644E051AF1DBC"}]}]},"effects":[],"duration":0.75,"type":"transition","attributes":{"direction":13},"name":"apple:wipe","objectID":0}],"automaticPlay":false,"hyperlinks":[],"accessibility":[{"text":"An opportunity for radical change…","targetRectangle":{"y":345,"x":261.1875,"width":501.625,"height":55.7273420356214}}],"baseLayer":{"animations":[],"initialState":{"affineTransform":[1,0,0,1,0,0],"masksToBounds":true,"rotation":0,"scale":1,"position":{"pointX":512,"pointY":384},"width":1024,"sublayerTransform":[1,0,0,0,0,1,0,0,0,0,1,0,0,0,0,1],"contentsRect":{"y":0,"x":0,"width":1,"height":1},"opacity":1,"edgeAntialiasingMask":0,"height":768,"hidden":false,"anchorPoint":{"pointX":0.5,"pointY":0.5}},"objectID":0,"layers":[{"animations":[],"initialState":{"affineTransform":[1,0,0,1,0,0],"masksToBounds":false,"rotation":0,"scale":1,"position":{"pointX":512,"pointY":384},"width":1024,"sublayerTransform":[1,0,0,0,0,1,0,0,0,0,1,-0.0004922987690640373,0,0,0,1],"contentsRect":{"y":0,"x":0,"width":1,"height":1},"opacity":1,"edgeAntialiasingMask":15,"height":768,"hidden":false,"anchorPoint":{"pointX":0.5,"pointY":0.5}},"layers":[{"animations":[],"layers":[],"initialState":{"affineTransform":[1,0,0,1,0,0],"masksToBounds":false,"rotation":0,"scale":1,"position":{"pointX":512,"pointY":384},"width":1024,"sublayerTransform":[1,0,0,0,0,1,0,0,0,0,1,0,0,0,0,1],"contentsRect":{"y":0,"x":0,"width":1,"height":1},"opacity":1,"edgeAntialiasingMask":0,"height":768,"hidden":false,"anchorPoint":{"pointX":0.5,"pointY":0.5}},"texture":"51F939F7BDBFFB77671F3E1EA33B7CE4"},{"animations":[{"from":{"scalar":1},"beginTime":0,"repeatCount":0,"fillMode":"both","property":"opacity","duration":0.75,"timingFunction":"easeInEaseOut","to":{"scalar":0}}],"layers":[],"initialState":{"affineTransform":[1,0,0,1,0,0],"masksToBounds":false,"rotation":0,"scale":1,"position":{"pointX":512,"pointY":384},"width":1024,"sublayerTransform":[1,0,0,0,0,1,0,0,0,0,1,0,0,0,0,1],"contentsRect":{"y":0,"x":0,"width":1,"height":1},"opacity":1,"edgeAntialiasingMask":0,"height":768,"hidden":false,"anchorPoint":{"pointX":0.5,"pointY":0.5}},"texture":"7B979A8116D6FE10E70644E051AF1DBC"}]}]}}]}