{"assets":{"586DA0EB16CDC744AF20B023F79B5343":{"type":"texture","assetRequest":{"type":"slide","state":"contents","slide":"82430A1F-FBD8-4BC4-B9B8-D62EF3271ADF"},"url":"assets/586DA0EB16CDC744AF20B023F79B5343.svg","width":23,"height":26},"A513B96BEA28F889B6BCF609B5CCC3E3":{"type":"texture","assetRequest":{"type":"slide","state":"contents","slide":"82430A1F-FBD8-4BC4-B9B8-D62EF3271ADF"},"url":"assets/A513B96BEA28F889B6BCF609B5CCC3E3.svg","width":24,"height":26},"857E4A7308DA093434A114E770131A7D":{"type":"texture","assetRequest":{"type":"slide","state":"contents","slide":"82430A1F-FBD8-4BC4-B9B8-D62EF3271ADF"},"url":"assets/857E4A7308DA093434A114E770131A7D.svg","width":22,"height":34},"F6492294FA9EA3E2C437DEA087D71D8A":{"type":"texture","assetRequest":{"type":"slide","state":"contents","slide":"82430A1F-FBD8-4BC4-B9B8-D62EF3271ADF"},"url":"assets/F6492294FA9EA3E2C437DEA087D71D8A.svg","width":23,"height":26},"0DDA17BD4D345FE1526EEA4B35174C26":{"type":"texture","assetRequest":{"type":"slide","state":"contents","slide":"82430A1F-FBD8-4BC4-B9B8-D62EF3271ADF"},"url":"assets/0DDA17BD4D345FE1526EEA4B35174C26.svg","width":18,"height":34},"757816CEEBB2990F09B9910C04D0C464":{"type":"texture","assetRequest":{"type":"slide","state":"contents","slide":"82430A1F-FBD8-4BC4-B9B8-D62EF3271ADF"},"url":"assets/757816CEEBB2990F09B9910C04D0C464.svg","width":24,"height":26},"8F8E732D47EADC36C98BD5C726C9790A":{"type":"texture","assetRequest":{"type":"slide","state":"contents","slide":"82430A1F-FBD8-4BC4-B9B8-D62EF3271ADF"},"url":"assets/8F8E732D47EADC36C98BD5C726C9790A.svg","width":860,"height":316},"57D7ECC9250D135E1F78932943F23334":{"type":"texture","assetRequest":{"type":"slide","state":"contents","slide":"82430A1F-FBD8-4BC4-B9B8-D62EF3271ADF"},"url":"assets/57D7ECC9250D135E1F78932943F23334.svg","width":23,"height":26},"22ED19AD2BC99CC0ADF07D21CAA51757":{"type":"texture","assetRequest":{"type":"slide","state":"contents","slide":"82430A1F-FBD8-4BC4-B9B8-D62EF3271ADF"},"url":"assets/22ED19AD2BC99CC0ADF07D21CAA51757.svg","width":568,"height":107},"12382C5B3D8D29168E9255C0F21986DC":{"type":"texture","assetRequest":{"type":"slide","state":"contents","slide":"82430A1F-FBD8-4BC4-B9B8-D62EF3271ADF"},"url":"assets/12382C5B3D8D29168E9255C0F21986DC.svg","width":20,"height":26},"E37EF6595383E1A1CD878B8A0E8A0A44":{"type":"texture","assetRequest":{"type":"slide","state":"contents","slide":"82430A1F-FBD8-4BC4-B9B8-D62EF3271ADF"},"url":"assets/E37EF6595383E1A1CD878B8A0E8A0A44.svg","width":24,"height":26},"282181B8750228C389E63EFD36503F82":{"type":"texture","assetRequest":{"type":"slide","state":"contents","slide":"82430A1F-FBD8-4BC4-B9B8-D62EF3271ADF"},"url":"assets/282181B8750228C389E63EFD36503F82.svg","width":23,"height":26},"C4CAEDC876D72C7BDB01B7A197476038":{"type":"texture","assetRequest":{"type":"slide","state":"contents","slide":"82430A1F-FBD8-4BC4-B9B8-D62EF3271ADF"},"url":"assets/C4CAEDC876D72C7BDB01B7A197476038.svg","width":33,"height":26},"9A1BD48272295D883DA2B8CC7B77343C":{"type":"texture","assetRequest":{"type":"slide","state":"contents","slide":"82430A1F-FBD8-4BC4-B9B8-D62EF3271ADF"},"url":"assets/9A1BD48272295D883DA2B8CC7B77343C.svg","width":21,"height":26},"FD2076564A13BABEFBA2E506977BFACB":{"type":"texture","assetRequest":{"type":"slide","state":"contents","slide":"82430A1F-FBD8-4BC4-B9B8-D62EF3271ADF"},"url":"assets/FD2076564A13BABEFBA2E506977BFACB.svg","width":32,"height":26},"7C8C028CDFF8E6C801B908FE75604DEA":{"type":"texture","assetRequest":{"type":"slide","state":"contents","slide":"82430A1F-FBD8-4BC4-B9B8-D62EF3271ADF"},"url":"assets/7C8C028CDFF8E6C801B908FE75604DEA.svg","width":23,"height":34},"B992D4FA588202E61F12A03DC0E22E64":{"type":"texture","assetRequest":{"type":"slide","state":"contents","slide":"82430A1F-FBD8-4BC4-B9B8-D62EF3271ADF"},"url":"assets/B992D4FA588202E61F12A03DC0E22E64.svg","width":24,"height":26},"D8CE7FFE207C1D8439A05951E2FBF6C1":{"type":"texture","assetRequest":{"type":"slide","state":"contents","slide":"82430A1F-FBD8-4BC4-B9B8-D62EF3271ADF"},"url":"assets/D8CE7FFE207C1D8439A05951E2FBF6C1.svg","width":1024,"height":768},"0ABF56609DEC35B0831CCE83F93E25E5":{"type":"texture","assetRequest":{"type":"slide","state":"contents","slide":"82430A1F-FBD8-4BC4-B9B8-D62EF3271ADF"},"url":"assets/0ABF56609DEC35B0831CCE83F93E25E5.svg","width":22,"height":26},"A9D85A1829DDAF5A8EBF325B4F1BEA04":{"type":"texture","assetRequest":{"type":"slide","state":"incoming","slide":"11FDDE28-5BAD-4E56-9430-A68F51D99CDC"},"url":"assets/A9D85A1829DDAF5A8EBF325B4F1BEA04.svg","width":1024,"height":768},"C61475E22EFDB521EE3C732CE45FC5E2":{"type":"texture","assetRequest":{"type":"slide","state":"contents","slide":"82430A1F-FBD8-4BC4-B9B8-D62EF3271ADF"},"url":"assets/C61475E22EFDB521EE3C732CE45FC5E2.svg","width":21,"height":26},"C07892D70FBDED92BBC7FEA9571759BA":{"type":"texture","assetRequest":{"type":"slide","state":"contents","slide":"82430A1F-FBD8-4BC4-B9B8-D62EF3271ADF"},"url":"assets/C07892D70FBDED92BBC7FEA9571759BA.svg","width":22,"height":26},"672BE07DB0D16619341310A732B6C99C":{"type":"texture","assetRequest":{"type":"slide","state":"contents","slide":"82430A1F-FBD8-4BC4-B9B8-D62EF3271ADF"},"url":"assets/672BE07DB0D16619341310A732B6C99C.svg","width":18,"height":26},"A52D64D33AA832C380ED84EA7D76AAA5":{"type":"texture","assetRequest":{"type":"slide","state":"outgoing","slide":"82430A1F-FBD8-4BC4-B9B8-D62EF3271ADF"},"url":"assets/A52D64D33AA832C380ED84EA7D76AAA5.svg","width":1024,"height":768},"6D0BB00954CEB7FBEE436BB55A8397A9":{"type":"texture","assetRequest":{"type":"slide","state":"contents","slide":"82430A1F-FBD8-4BC4-B9B8-D62EF3271ADF"},"url":"assets/6D0BB00954CEB7FBEE436BB55A8397A9.svg","width":5,"height":5},"A8F750F688C389D72045F6293D93C00D":{"type":"texture","assetRequest":{"type":"slide","state":"contents","slide":"82430A1F-FBD8-4BC4-B9B8-D62EF3271ADF"},"url":"assets/A8F750F688C389D72045F6293D93C00D.svg","width":13,"height":34},"45EEEAF39B426BA928DC86D97CA58F9D":{"type":"texture","assetRequest":{"type":"slide","state":"contents","slide":"82430A1F-FBD8-4BC4-B9B8-D62EF3271ADF"},"url":"assets/45EEEAF39B426BA928DC86D97CA58F9D.svg","width":19,"height":31},"42001C956EF49608E42E2A58C1CC89B8":{"type":"texture","assetRequest":{"type":"slide","state":"contents","slide":"82430A1F-FBD8-4BC4-B9B8-D62EF3271ADF"},"url":"assets/42001C956EF49608E42E2A58C1CC89B8.svg","width":22,"height":26}},"events":[{"effects":[{"beginTime":0,"baseLayer":{"animations":[],"initialState":{"affineTransform":[1,0,0,1,0,0],"masksToBounds":false,"rotation":0,"scale":1,"position":{"pointX":458.9999914169312,"pointY":630.5},"width":424.0439891815186,"sublayerTransform":[1,0,0,0,0,1,0,0,0,0,1,0,0,0,0,1],"contentsRect":{"y":0,"x":0,"width":1,"height":1},"opacity":1,"edgeAntialiasingMask":15,"height":52.99999713897705,"hidden":false,"anchorPoint":{"pointX":0.5,"pointY":0.5}},"objectID":0,"layers":[{"animations":[],"initialState":{"affineTransform":[1,0,0,1,0,0],"masksToBounds":false,"rotation":0,"scale":1,"position":{"pointX":265.0220031738281,"pointY":-220.0000014305115},"width":424.0439891815186,"sublayerTransform":[1,0,0,0,0,1,0,0,0,0,1,-0.0004922987690640373,0,0,0,1],"contentsRect":{"y":0,"x":0,"width":1,"height":1},"opacity":1,"edgeAntialiasingMask":15,"height":52.99999713897705,"hidden":false,"anchorPoint":{"pointX":0.6249870530776027,"pointY":-4.150943647291633}},"layers":[{"animations":[{"repeatCount":0,"animations":[{"from":{"pointX":-259,"pointY":0},"beginTime":0.6,"repeatCount":0,"fillMode":"removed","property":"transform.translation","duration":0.4,"timingFunction":"easeOut","to":{"pointX":0,"pointY":0}},{"repeatCount":0,"timingControlPoint2y":1,"from":{"scalar":0},"timingFunction":"custom","timingControlPoint1x":0.5,"property":"transform.scale.xy","fillMode":"removed","duration":0.4,"beginTime":0.6,"timingControlPoint2x":0.8999999761581421,"timingControlPoint1y":0,"to":{"scalar":1}},{"from":{"scalar":0},"beginTime":0.6,"repeatCount":0,"fillMode":"both","property":"opacity","duration":0.4,"timingFunction":"easeInEaseOut","to":{"scalar":1}},{"from":{"scalar":false},"beginTime":0.6,"repeatCount":0,"fillMode":"forwards","property":"hidden","duration":0.4,"to":{"scalar":false}}],"beginTime":1e-100,"fillMode":"both","duration":1}],"layers":[],"initialState":{"affineTransform":[1,0,0,1,0,0],"masksToBounds":false,"rotation":0,"scale":1,"position":{"pointX":12.02200317382812,"pointY":30.99999856948853},"width":18,"sublayerTransform":[1,0,0,0,0,1,0,0,0,0,1,0,0,0,0,1],"contentsRect":{"y":0,"x":0,"width":1,"height":1},"opacity":1,"edgeAntialiasingMask":0,"height":26,"hidden":true,"anchorPoint":{"pointX":0.5,"pointY":0.5}},"texture":"672BE07DB0D16619341310A732B6C99C"}]},{"animations":[],"initialState":{"affineTransform":[1,0,0,1,0,0],"masksToBounds":false,"rotation":0,"scale":1,"position":{"pointX":265.0220031738281,"pointY":-220.0000014305115},"width":424.0439891815186,"sublayerTransform":[1,0,0,0,0,1,0,0,0,0,1,-0.0004922987690640373,0,0,0,1],"contentsRect":{"y":0,"x":0,"width":1,"height":1},"opacity":1,"edgeAntialiasingMask":15,"height":52.99999713897705,"hidden":false,"anchorPoint":{"pointX":0.6249870530776027,"pointY":-4.150943647291633}},"layers":[{"animations":[{"repeatCount":0,"animations":[{"from":{"pointX":-272.5,"pointY":0},"beginTime":0.5769230769230769,"repeatCount":0,"fillMode":"removed","property":"transform.translation","duration":0.4,"timingFunction":"easeOut","to":{"pointX":0,"pointY":0}},{"repeatCount":0,"timingControlPoint2y":1,"from":{"scalar":0},"timingFunction":"custom","timingControlPoint1x":0.5,"property":"transform.scale.xy","fillMode":"removed","duration":0.4,"beginTime":0.5769230769230769,"timingControlPoint2x":0.8999999761581421,"timingControlPoint1y":0,"to":{"scalar":1}},{"from":{"scalar":0},"beginTime":0.5769230769230769,"repeatCount":0,"fillMode":"both","property":"opacity","duration":0.4,"timingFunction":"easeInEaseOut","to":{"scalar":1}},{"from":{"scalar":false},"beginTime":0.5769230769230769,"repeatCount":0,"fillMode":"forwards","property":"hidden","duration":0.4230769230769231,"to":{"scalar":false}}],"beginTime":1e-100,"fillMode":"both","duration":1}],"layers":[],"initialState":{"affineTransform":[1,0,0,1,0,0],"masksToBounds":false,"rotation":0,"scale":1,"position":{"pointX":25.52200317382812,"pointY":30.99999856948853},"width":23,"sublayerTransform":[1,0,0,0,0,1,0,0,0,0,1,0,0,0,0,1],"contentsRect":{"y":0,"x":0,"width":1,"height":1},"opacity":1,"edgeAntialiasingMask":0,"height":26,"hidden":true,"anchorPoint":{"pointX":0.5,"pointY":0.5}},"texture":"282181B8750228C389E63EFD36503F82"}]},{"animations":[],"initialState":{"affineTransform":[1,0,0,1,0,0],"masksToBounds":false,"rotation":0,"scale":1,"position":{"pointX":265.0220031738281,"pointY":-220.0000014305115},"width":424.0439891815186,"sublayerTransform":[1,0,0,0,0,1,0,0,0,0,1,-0.0004922987690640373,0,0,0,1],"contentsRect":{"y":0,"x":0,"width":1,"height":1},"opacity":1,"edgeAntialiasingMask":15,"height":52.99999713897705,"hidden":false,"anchorPoint":{"pointX":0.6249870530776027,"pointY":-4.150943647291633}},"layers":[{"animations":[{"repeatCount":0,"animations":[{"from":{"pointX":-296.5,"pointY":0},"beginTime":0.5538461538461539,"repeatCount":0,"fillMode":"removed","property":"transform.translation","duration":0.4,"timingFunction":"easeOut","to":{"pointX":0,"pointY":0}},{"repeatCount":0,"timingControlPoint2y":1,"from":{"scalar":0},"timingFunction":"custom","timingControlPoint1x":0.5,"property":"transform.scale.xy","fillMode":"removed","duration":0.4,"beginTime":0.5538461538461539,"timingControlPoint2x":0.8999999761581421,"timingControlPoint1y":0,"to":{"scalar":1}},{"from":{"scalar":0},"beginTime":0.5538461538461539,"repeatCount":0,"fillMode":"both","property":"opacity","duration":0.4,"timingFunction":"easeInEaseOut","to":{"scalar":1}},{"from":{"scalar":false},"beginTime":0.5538461538461539,"repeatCount":0,"fillMode":"forwards","property":"hidden","duration":0.4461538461538461,"to":{"scalar":false}}],"beginTime":1e-100,"fillMode":"both","duration":1}],"layers":[],"initialState":{"affineTransform":[1,0,0,1,0,0],"masksToBounds":false,"rotation":0,"scale":1,"position":{"pointX":49.52200317382812,"pointY":30.99999856948853},"width":33,"sublayerTransform":[1,0,0,0,0,1,0,0,0,0,1,0,0,0,0,1],"contentsRect":{"y":0,"x":0,"width":1,"height":1},"opacity":1,"edgeAntialiasingMask":0,"height":26,"hidden":true,"anchorPoint":{"pointX":0.5,"pointY":0.5}},"texture":"C4CAEDC876D72C7BDB01B7A197476038"}]},{"animations":[],"initialState":{"affineTransform":[1,0,0,1,0,0],"masksToBounds":false,"rotation":0,"scale":1,"position":{"pointX":265.0220031738281,"pointY":-220.0000014305115},"width":424.0439891815186,"sublayerTransform":[1,0,0,0,0,1,0,0,0,0,1,-0.0004922987690640373,0,0,0,1],"contentsRect":{"y":0,"x":0,"width":1,"height":1},"opacity":1,"edgeAntialiasingMask":15,"height":52.99999713897705,"hidden":false,"anchorPoint":{"pointX":0.6249870530776027,"pointY":-4.150943647291633}},"layers":[{"animations":[{"repeatCount":0,"animations":[{"from":{"pointX":-321,"pointY":0},"beginTime":0.5307692307692308,"repeatCount":0,"fillMode":"removed","property":"transform.translation","duration":0.4,"timingFunction":"easeOut","to":{"pointX":0,"pointY":0}},{"repeatCount":0,"timingControlPoint2y":1,"from":{"scalar":0},"timingFunction":"custom","timingControlPoint1x":0.5,"property":"transform.scale.xy","fillMode":"removed","duration":0.4,"beginTime":0.5307692307692308,"timingControlPoint2x":0.8999999761581421,"timingControlPoint1y":0,"to":{"scalar":1}},{"from":{"scalar":0},"beginTime":0.5307692307692308,"repeatCount":0,"fillMode":"both","property":"opacity","duration":0.4,"timingFunction":"easeInEaseOut","to":{"scalar":1}},{"from":{"scalar":false},"beginTime":0.5307692307692308,"repeatCount":0,"fillMode":"forwards","property":"hidden","duration":0.4692307692307692,"to":{"scalar":false}}],"beginTime":1e-100,"fillMode":"both","duration":1}],"layers":[],"initialState":{"affineTransform":[1,0,0,1,0,0],"masksToBounds":false,"rotation":0,"scale":1,"position":{"pointX":74.02200317382812,"pointY":30.99999856948853},"width":24,"sublayerTransform":[1,0,0,0,0,1,0,0,0,0,1,0,0,0,0,1],"contentsRect":{"y":0,"x":0,"width":1,"height":1},"opacity":1,"edgeAntialiasingMask":0,"height":26,"hidden":true,"anchorPoint":{"pointX":0.5,"pointY":0.5}},"texture":"E37EF6595383E1A1CD878B8A0E8A0A44"}]},{"animations":[],"initialState":{"affineTransform":[1,0,0,1,0,0],"masksToBounds":false,"rotation":0,"scale":1,"position":{"pointX":265.0220031738281,"pointY":-220.0000014305115},"width":424.0439891815186,"sublayerTransform":[1,0,0,0,0,1,0,0,0,0,1,-0.0004922987690640373,0,0,0,1],"contentsRect":{"y":0,"x":0,"width":1,"height":1},"opacity":1,"edgeAntialiasingMask":15,"height":52.99999713897705,"hidden":false,"anchorPoint":{"pointX":0.6249870530776027,"pointY":-4.150943647291633}},"layers":[{"animations":[{"repeatCount":0,"animations":[{"from":{"pointX":-339,"pointY":0},"beginTime":0.5076923076923077,"repeatCount":0,"fillMode":"removed","property":"transform.translation","duration":0.4,"timingFunction":"easeOut","to":{"pointX":0,"pointY":0}},{"repeatCount":0,"timingControlPoint2y":1,"from":{"scalar":0},"timingFunction":"custom","timingControlPoint1x":0.5,"property":"transform.scale.xy","fillMode":"removed","duration":0.4,"beginTime":0.5076923076923077,"timingControlPoint2x":0.8999999761581421,"timingControlPoint1y":0,"to":{"scalar":1}},{"from":{"scalar":0},"beginTime":0.5076923076923077,"repeatCount":0,"fillMode":"both","property":"opacity","duration":0.4,"timingFunction":"easeInEaseOut","to":{"scalar":1}},{"from":{"scalar":false},"beginTime":0.5076923076923077,"repeatCount":0,"fillMode":"forwards","property":"hidden","duration":0.4923076923076923,"to":{"scalar":false}}],"beginTime":1e-100,"fillMode":"both","duration":1}],"layers":[],"initialState":{"affineTransform":[1,0,0,1,0,0],"masksToBounds":false,"rotation":0,"scale":1,"position":{"pointX":92.02200317382812,"pointY":30.99999856948853},"width":24,"sublayerTransform":[1,0,0,0,0,1,0,0,0,0,1,0,0,0,0,1],"contentsRect":{"y":0,"x":0,"width":1,"height":1},"opacity":1,"edgeAntialiasingMask":0,"height":26,"hidden":true,"anchorPoint":{"pointX":0.5,"pointY":0.5}},"texture":"B992D4FA588202E61F12A03DC0E22E64"}]},{"animations":[],"initialState":{"affineTransform":[1,0,0,1,0,0],"masksToBounds":false,"rotation":0,"scale":1,"position":{"pointX":265.0220031738281,"pointY":-220.0000014305115},"width":424.0439891815186,"sublayerTransform":[1,0,0,0,0,1,0,0,0,0,1,-0.0004922987690640373,0,0,0,1],"contentsRect":{"y":0,"x":0,"width":1,"height":1},"opacity":1,"edgeAntialiasingMask":15,"height":52.99999713897705,"hidden":false,"anchorPoint":{"pointX":0.6249870530776027,"pointY":-4.150943647291633}},"layers":[{"animations":[{"repeatCount":0,"animations":[{"from":{"pointX":-356.5,"pointY":0},"beginTime":0.4846153846153846,"repeatCount":0,"fillMode":"removed","property":"transform.translation","duration":0.4,"timingFunction":"easeOut","to":{"pointX":0,"pointY":0}},{"repeatCount":0,"timingControlPoint2y":1,"from":{"scalar":0},"timingFunction":"custom","timingControlPoint1x":0.5,"property":"transform.scale.xy","fillMode":"removed","duration":0.4,"beginTime":0.4846153846153846,"timingControlPoint2x":0.8999999761581421,"timingControlPoint1y":0,"to":{"scalar":1}},{"from":{"scalar":0},"beginTime":0.4846153846153846,"repeatCount":0,"fillMode":"both","property":"opacity","duration":0.4,"timingFunction":"easeInEaseOut","to":{"scalar":1}},{"from":{"scalar":false},"beginTime":0.4846153846153846,"repeatCount":0,"fillMode":"forwards","property":"hidden","duration":0.5153846153846153,"to":{"scalar":false}}],"beginTime":1e-100,"fillMode":"both","duration":1}],"layers":[],"initialState":{"affineTransform":[1,0,0,1,0,0],"masksToBounds":false,"rotation":0,"scale":1,"position":{"pointX":109.5220031738281,"pointY":30.99999856948853},"width":23,"sublayerTransform":[1,0,0,0,0,1,0,0,0,0,1,0,0,0,0,1],"contentsRect":{"y":0,"x":0,"width":1,"height":1},"opacity":1,"edgeAntialiasingMask":0,"height":26,"hidden":true,"anchorPoint":{"pointX":0.5,"pointY":0.5}},"texture":"586DA0EB16CDC744AF20B023F79B5343"}]},{"animations":[],"initialState":{"affineTransform":[1,0,0,1,0,0],"masksToBounds":false,"rotation":0,"scale":1,"position":{"pointX":265.0220031738281,"pointY":-220.0000014305115},"width":424.0439891815186,"sublayerTransform":[1,0,0,0,0,1,0,0,0,0,1,-0.0004922987690640373,0,0,0,1],"contentsRect":{"y":0,"x":0,"width":1,"height":1},"opacity":1,"edgeAntialiasingMask":15,"height":52.99999713897705,"hidden":false,"anchorPoint":{"pointX":0.6249870530776027,"pointY":-4.150943647291633}},"layers":[{"animations":[{"repeatCount":0,"animations":[{"from":{"pointX":-365.5,"pointY":0},"beginTime":0.4615384615384616,"repeatCount":0,"fillMode":"removed","property":"transform.translation","duration":0.4,"timingFunction":"easeOut","to":{"pointX":0,"pointY":0}},{"repeatCount":0,"timingControlPoint2y":1,"from":{"scalar":0},"timingFunction":"custom","timingControlPoint1x":0.5,"property":"transform.scale.xy","fillMode":"removed","duration":0.4,"beginTime":0.4615384615384616,"timingControlPoint2x":0.8999999761581421,"timingControlPoint1y":0,"to":{"scalar":1}},{"from":{"scalar":0},"beginTime":0.4615384615384616,"repeatCount":0,"fillMode":"both","property":"opacity","duration":0.4,"timingFunction":"easeInEaseOut","to":{"scalar":1}},{"from":{"scalar":false},"beginTime":0.4615384615384616,"repeatCount":0,"fillMode":"forwards","property":"hidden","duration":0.5384615384615384,"to":{"scalar":false}}],"beginTime":1e-100,"fillMode":"both","duration":1}],"layers":[],"initialState":{"affineTransform":[1,0,0,1,0,0],"masksToBounds":false,"rotation":0,"scale":1,"position":{"pointX":118.5220031738281,"pointY":39.49999856948853},"width":5,"sublayerTransform":[1,0,0,0,0,1,0,0,0,0,1,0,0,0,0,1],"contentsRect":{"y":0,"x":0,"width":1,"height":1},"opacity":1,"edgeAntialiasingMask":0,"height":5,"hidden":true,"anchorPoint":{"pointX":0.5,"pointY":0.5}},"texture":"6D0BB00954CEB7FBEE436BB55A8397A9"}]},{"animations":[],"initialState":{"affineTransform":[1,0,0,1,0,0],"masksToBounds":false,"rotation":0,"scale":1,"position":{"pointX":265.0220031738281,"pointY":-220.0000014305115},"width":424.0439891815186,"sublayerTransform":[1,0,0,0,0,1,0,0,0,0,1,-0.0004922987690640373,0,0,0,1],"contentsRect":{"y":0,"x":0,"width":1,"height":1},"opacity":1,"edgeAntialiasingMask":15,"height":52.99999713897705,"hidden":false,"anchorPoint":{"pointX":0.6249870530776027,"pointY":-4.150943647291633}},"layers":[{"animations":[{"repeatCount":0,"animations":[{"from":{"pointX":-380,"pointY":0},"beginTime":0.4384615384615385,"repeatCount":0,"fillMode":"removed","property":"transform.translation","duration":0.4,"timingFunction":"easeOut","to":{"pointX":0,"pointY":0}},{"repeatCount":0,"timingControlPoint2y":1,"from":{"scalar":0},"timingFunction":"custom","timingControlPoint1x":0.5,"property":"transform.scale.xy","fillMode":"removed","duration":0.4,"beginTime":0.4384615384615385,"timingControlPoint2x":0.8999999761581421,"timingControlPoint1y":0,"to":{"scalar":1}},{"from":{"scalar":0},"beginTime":0.4384615384615385,"repeatCount":0,"fillMode":"both","property":"opacity","duration":0.4,"timingFunction":"easeInEaseOut","to":{"scalar":1}},{"from":{"scalar":false},"beginTime":0.4384615384615385,"repeatCount":0,"fillMode":"forwards","property":"hidden","duration":0.5615384615384615,"to":{"scalar":false}}],"beginTime":1e-100,"fillMode":"both","duration":1}],"layers":[],"initialState":{"affineTransform":[1,0,0,1,0,0],"masksToBounds":false,"rotation":0,"scale":1,"position":{"pointX":133.0220031738281,"pointY":30.99999856948853},"width":20,"sublayerTransform":[1,0,0,0,0,1,0,0,0,0,1,0,0,0,0,1],"contentsRect":{"y":0,"x":0,"width":1,"height":1},"opacity":1,"edgeAntialiasingMask":0,"height":26,"hidden":true,"anchorPoint":{"pointX":0.5,"pointY":0.5}},"texture":"12382C5B3D8D29168E9255C0F21986DC"}]},{"animations":[],"initialState":{"affineTransform":[1,0,0,1,0,0],"masksToBounds":false,"rotation":0,"scale":1,"position":{"pointX":265.0220031738281,"pointY":-220.0000014305115},"width":424.0439891815186,"sublayerTransform":[1,0,0,0,0,1,0,0,0,0,1,-0.0004922987690640373,0,0,0,1],"contentsRect":{"y":0,"x":0,"width":1,"height":1},"opacity":1,"edgeAntialiasingMask":15,"height":52.99999713897705,"hidden":false,"anchorPoint":{"pointX":0.6249870530776027,"pointY":-4.150943647291633}},"layers":[{"animations":[{"repeatCount":0,"animations":[{"from":{"pointX":-397,"pointY":0},"beginTime":0.4153846153846154,"repeatCount":0,"fillMode":"removed","property":"transform.translation","duration":0.4,"timingFunction":"easeOut","to":{"pointX":0,"pointY":0}},{"repeatCount":0,"timingControlPoint2y":1,"from":{"scalar":0},"timingFunction":"custom","timingControlPoint1x":0.5,"property":"transform.scale.xy","fillMode":"removed","duration":0.4,"beginTime":0.4153846153846154,"timingControlPoint2x":0.8999999761581421,"timingControlPoint1y":0,"to":{"scalar":1}},{"from":{"scalar":0},"beginTime":0.4153846153846154,"repeatCount":0,"fillMode":"both","property":"opacity","duration":0.4,"timingFunction":"easeInEaseOut","to":{"scalar":1}},{"from":{"scalar":false},"beginTime":0.4153846153846154,"repeatCount":0,"fillMode":"forwards","property":"hidden","duration":0.5846153846153846,"to":{"scalar":false}}],"beginTime":1e-100,"fillMode":"both","duration":1}],"layers":[],"initialState":{"affineTransform":[1,0,0,1,0,0],"masksToBounds":false,"rotation":0,"scale":1,"position":{"pointX":150.0220031738281,"pointY":30.99999856948853},"width":24,"sublayerTransform":[1,0,0,0,0,1,0,0,0,0,1,0,0,0,0,1],"contentsRect":{"y":0,"x":0,"width":1,"height":1},"opacity":1,"edgeAntialiasingMask":0,"height":26,"hidden":true,"anchorPoint":{"pointX":0.5,"pointY":0.5}},"texture":"757816CEEBB2990F09B9910C04D0C464"}]},{"animations":[],"initialState":{"affineTransform":[1,0,0,1,0,0],"masksToBounds":false,"rotation":0,"scale":1,"position":{"pointX":265.0220031738281,"pointY":-220.0000014305115},"width":424.0439891815186,"sublayerTransform":[1,0,0,0,0,1,0,0,0,0,1,-0.0004922987690640373,0,0,0,1],"contentsRect":{"y":0,"x":0,"width":1,"height":1},"opacity":1,"edgeAntialiasingMask":15,"height":52.99999713897705,"hidden":false,"anchorPoint":{"pointX":0.6249870530776027,"pointY":-4.150943647291633}},"layers":[{"animations":[{"repeatCount":0,"animations":[{"from":{"pointX":-422,"pointY":0},"beginTime":0.3923076923076923,"repeatCount":0,"fillMode":"removed","property":"transform.translation","duration":0.4,"timingFunction":"easeOut","to":{"pointX":0,"pointY":0}},{"repeatCount":0,"timingControlPoint2y":1,"from":{"scalar":0},"timingFunction":"custom","timingControlPoint1x":0.5,"property":"transform.scale.xy","fillMode":"removed","duration":0.4,"beginTime":0.3923076923076923,"timingControlPoint2x":0.8999999761581421,"timingControlPoint1y":0,"to":{"scalar":1}},{"from":{"scalar":0},"beginTime":0.3923076923076923,"repeatCount":0,"fillMode":"both","property":"opacity","duration":0.4,"timingFunction":"easeInEaseOut","to":{"scalar":1}},{"from":{"scalar":false},"beginTime":0.3923076923076923,"repeatCount":0,"fillMode":"forwards","property":"hidden","duration":0.6076923076923078,"to":{"scalar":false}}],"beginTime":1e-100,"fillMode":"both","duration":1}],"layers":[],"initialState":{"affineTransform":[1,0,0,1,0,0],"masksToBounds":false,"rotation":0,"scale":1,"position":{"pointX":175.0220031738281,"pointY":30.99999856948853},"width":32,"sublayerTransform":[1,0,0,0,0,1,0,0,0,0,1,0,0,0,0,1],"contentsRect":{"y":0,"x":0,"width":1,"height":1},"opacity":1,"edgeAntialiasingMask":0,"height":26,"hidden":true,"anchorPoint":{"pointX":0.5,"pointY":0.5}},"texture":"FD2076564A13BABEFBA2E506977BFACB"}]},{"animations":[],"initialState":{"affineTransform":[1,0,0,1,0,0],"masksToBounds":false,"rotation":0,"scale":1,"position":{"pointX":265.0220031738281,"pointY":-220.0000014305115},"width":424.0439891815186,"sublayerTransform":[1,0,0,0,0,1,0,0,0,0,1,-0.0004922987690640373,0,0,0,1],"contentsRect":{"y":0,"x":0,"width":1,"height":1},"opacity":1,"edgeAntialiasingMask":15,"height":52.99999713897705,"hidden":false,"anchorPoint":{"pointX":0.6249870530776027,"pointY":-4.150943647291633}},"layers":[{"animations":[{"repeatCount":0,"animations":[{"from":{"pointX":-446,"pointY":0},"beginTime":0.3692307692307693,"repeatCount":0,"fillMode":"removed","property":"transform.translation","duration":0.4,"timingFunction":"easeOut","to":{"pointX":0,"pointY":0}},{"repeatCount":0,"timingControlPoint2y":1,"from":{"scalar":0},"timingFunction":"custom","timingControlPoint1x":0.5,"property":"transform.scale.xy","fillMode":"removed","duration":0.4,"beginTime":0.3692307692307693,"timingControlPoint2x":0.8999999761581421,"timingControlPoint1y":0,"to":{"scalar":1}},{"from":{"scalar":0},"beginTime":0.3692307692307693,"repeatCount":0,"fillMode":"both","property":"opacity","duration":0.4,"timingFunction":"easeInEaseOut","to":{"scalar":1}},{"from":{"scalar":false},"beginTime":0.3692307692307693,"repeatCount":0,"fillMode":"forwards","property":"hidden","duration":0.6307692307692307,"to":{"scalar":false}}],"beginTime":1e-100,"fillMode":"both","duration":1}],"layers":[],"initialState":{"affineTransform":[1,0,0,1,0,0],"masksToBounds":false,"rotation":0,"scale":1,"position":{"pointX":199.0220031738281,"pointY":30.99999856948853},"width":22,"sublayerTransform":[1,0,0,0,0,1,0,0,0,0,1,0,0,0,0,1],"contentsRect":{"y":0,"x":0,"width":1,"height":1},"opacity":1,"edgeAntialiasingMask":0,"height":26,"hidden":true,"anchorPoint":{"pointX":0.5,"pointY":0.5}},"texture":"C07892D70FBDED92BBC7FEA9571759BA"}]},{"animations":[],"initialState":{"affineTransform":[1,0,0,1,0,0],"masksToBounds":false,"rotation":0,"scale":1,"position":{"pointX":265.0220031738281,"pointY":-220.0000014305115},"width":424.0439891815186,"sublayerTransform":[1,0,0,0,0,1,0,0,0,0,1,-0.0004922987690640373,0,0,0,1],"contentsRect":{"y":0,"x":0,"width":1,"height":1},"opacity":1,"edgeAntialiasingMask":15,"height":52.99999713897705,"hidden":false,"anchorPoint":{"pointX":0.6249870530776027,"pointY":-4.150943647291633}},"layers":[{"animations":[{"repeatCount":0,"animations":[{"from":{"pointX":-455.5,"pointY":0},"beginTime":0.3461538461538461,"repeatCount":0,"fillMode":"removed","property":"transform.translation","duration":0.4,"timingFunction":"easeOut","to":{"pointX":0,"pointY":0}},{"repeatCount":0,"timingControlPoint2y":1,"from":{"scalar":0},"timingFunction":"custom","timingControlPoint1x":0.5,"property":"transform.scale.xy","fillMode":"removed","duration":0.4,"beginTime":0.3461538461538461,"timingControlPoint2x":0.8999999761581421,"timingControlPoint1y":0,"to":{"scalar":1}},{"from":{"scalar":0},"beginTime":0.3461538461538461,"repeatCount":0,"fillMode":"both","property":"opacity","duration":0.4,"timingFunction":"easeInEaseOut","to":{"scalar":1}},{"from":{"scalar":false},"beginTime":0.3461538461538461,"repeatCount":0,"fillMode":"forwards","property":"hidden","duration":0.6538461538461539,"to":{"scalar":false}}],"beginTime":1e-100,"fillMode":"both","duration":1}],"layers":[],"initialState":{"affineTransform":[1,0,0,1,0,0],"masksToBounds":false,"rotation":0,"scale":1,"position":{"pointX":208.5220031738281,"pointY":39.49999856948853},"width":5,"sublayerTransform":[1,0,0,0,0,1,0,0,0,0,1,0,0,0,0,1],"contentsRect":{"y":0,"x":0,"width":1,"height":1},"opacity":1,"edgeAntialiasingMask":0,"height":5,"hidden":true,"anchorPoint":{"pointX":0.5,"pointY":0.5}},"texture":"6D0BB00954CEB7FBEE436BB55A8397A9"}]},{"animations":[],"initialState":{"affineTransform":[1,0,0,1,0,0],"masksToBounds":false,"rotation":0,"scale":1,"position":{"pointX":265.0220031738281,"pointY":-220.0000014305115},"width":424.0439891815186,"sublayerTransform":[1,0,0,0,0,1,0,0,0,0,1,-0.0004922987690640373,0,0,0,1],"contentsRect":{"y":0,"x":0,"width":1,"height":1},"opacity":1,"edgeAntialiasingMask":15,"height":52.99999713897705,"hidden":false,"anchorPoint":{"pointX":0.6249870530776027,"pointY":-4.150943647291633}},"layers":[{"animations":[{"repeatCount":0,"animations":[{"from":{"pointX":-472,"pointY":0},"beginTime":0.3230769230769231,"repeatCount":0,"fillMode":"removed","property":"transform.translation","duration":0.4,"timingFunction":"easeOut","to":{"pointX":0,"pointY":0}},{"repeatCount":0,"timingControlPoint2y":1,"from":{"scalar":0},"timingFunction":"custom","timingControlPoint1x":0.5,"property":"transform.scale.xy","fillMode":"removed","duration":0.4,"beginTime":0.3230769230769231,"timingControlPoint2x":0.8999999761581421,"timingControlPoint1y":0,"to":{"scalar":1}},{"from":{"scalar":0},"beginTime":0.3230769230769231,"repeatCount":0,"fillMode":"both","property":"opacity","duration":0.4,"timingFunction":"easeInEaseOut","to":{"scalar":1}},{"from":{"scalar":false},"beginTime":0.3230769230769231,"repeatCount":0,"fillMode":"forwards","property":"hidden","duration":0.676923076923077,"to":{"scalar":false}}],"beginTime":1e-100,"fillMode":"both","duration":1}],"layers":[],"initialState":{"affineTransform":[1,0,0,1,0,0],"masksToBounds":false,"rotation":0,"scale":1,"position":{"pointX":225.0220031738281,"pointY":30.99999856948853},"width":24,"sublayerTransform":[1,0,0,0,0,1,0,0,0,0,1,0,0,0,0,1],"contentsRect":{"y":0,"x":0,"width":1,"height":1},"opacity":1,"edgeAntialiasingMask":0,"height":26,"hidden":true,"anchorPoint":{"pointX":0.5,"pointY":0.5}},"texture":"A513B96BEA28F889B6BCF609B5CCC3E3"}]},{"animations":[],"initialState":{"affineTransform":[1,0,0,1,0,0],"masksToBounds":false,"rotation":0,"scale":1,"position":{"pointX":265.0220031738281,"pointY":-220.0000014305115},"width":424.0439891815186,"sublayerTransform":[1,0,0,0,0,1,0,0,0,0,1,-0.0004922987690640373,0,0,0,1],"contentsRect":{"y":0,"x":0,"width":1,"height":1},"opacity":1,"edgeAntialiasingMask":15,"height":52.99999713897705,"hidden":false,"anchorPoint":{"pointX":0.6249870530776027,"pointY":-4.150943647291633}},"layers":[{"animations":[{"repeatCount":0,"animations":[{"from":{"pointX":-488,"pointY":0},"beginTime":0.3,"repeatCount":0,"fillMode":"removed","property":"transform.translation","duration":0.4,"timingFunction":"easeOut","to":{"pointX":0,"pointY":0}},{"repeatCount":0,"timingControlPoint2y":1,"from":{"scalar":0},"timingFunction":"custom","timingControlPoint1x":0.5,"property":"transform.scale.xy","fillMode":"removed","duration":0.4,"beginTime":0.3,"timingControlPoint2x":0.8999999761581421,"timingControlPoint1y":0,"to":{"scalar":1}},{"from":{"scalar":0},"beginTime":0.3,"repeatCount":0,"fillMode":"both","property":"opacity","duration":0.4,"timingFunction":"easeInEaseOut","to":{"scalar":1}},{"from":{"scalar":false},"beginTime":0.3,"repeatCount":0,"fillMode":"forwards","property":"hidden","duration":0.7,"to":{"scalar":false}}],"beginTime":1e-100,"fillMode":"both","duration":1}],"layers":[],"initialState":{"affineTransform":[1,0,0,1,0,0],"masksToBounds":false,"rotation":0,"scale":1,"position":{"pointX":241.0220031738281,"pointY":26.99999856948853},"width":18,"sublayerTransform":[1,0,0,0,0,1,0,0,0,0,1,0,0,0,0,1],"contentsRect":{"y":0,"x":0,"width":1,"height":1},"opacity":1,"edgeAntialiasingMask":0,"height":34,"hidden":true,"anchorPoint":{"pointX":0.5,"pointY":0.5}},"texture":"0DDA17BD4D345FE1526EEA4B35174C26"}]},{"animations":[],"initialState":{"affineTransform":[1,0,0,1,0,0],"masksToBounds":false,"rotation":0,"scale":1,"position":{"pointX":265.0220031738281,"pointY":-220.0000014305115},"width":424.0439891815186,"sublayerTransform":[1,0,0,0,0,1,0,0,0,0,1,-0.0004922987690640373,0,0,0,1],"contentsRect":{"y":0,"x":0,"width":1,"height":1},"opacity":1,"edgeAntialiasingMask":15,"height":52.99999713897705,"hidden":false,"anchorPoint":{"pointX":0.6249870530776027,"pointY":-4.150943647291633}},"layers":[{"animations":[{"repeatCount":0,"animations":[{"from":{"pointX":-492.5,"pointY":0},"beginTime":0.2769230769230769,"repeatCount":0,"fillMode":"removed","property":"transform.translation","duration":0.4,"timingFunction":"easeOut","to":{"pointX":0,"pointY":0}},{"repeatCount":0,"timingControlPoint2y":1,"from":{"scalar":0},"timingFunction":"custom","timingControlPoint1x":0.5,"property":"transform.scale.xy","fillMode":"removed","duration":0.4,"beginTime":0.2769230769230769,"timingControlPoint2x":0.8999999761581421,"timingControlPoint1y":0,"to":{"scalar":1}},{"from":{"scalar":0},"beginTime":0.2769230769230769,"repeatCount":0,"fillMode":"both","property":"opacity","duration":0.4,"timingFunction":"easeInEaseOut","to":{"scalar":1}},{"from":{"scalar":false},"beginTime":0.2769230769230769,"repeatCount":0,"fillMode":"forwards","property":"hidden","duration":0.7230769230769231,"to":{"scalar":false}}],"beginTime":1e-100,"fillMode":"both","duration":1}],"layers":[],"initialState":{"affineTransform":[1,0,0,1,0,0],"masksToBounds":false,"rotation":0,"scale":1,"position":{"pointX":245.5220031738281,"pointY":39.49999856948853},"width":5,"sublayerTransform":[1,0,0,0,0,1,0,0,0,0,1,0,0,0,0,1],"contentsRect":{"y":0,"x":0,"width":1,"height":1},"opacity":1,"edgeAntialiasingMask":0,"height":5,"hidden":true,"anchorPoint":{"pointX":0.5,"pointY":0.5}},"texture":"6D0BB00954CEB7FBEE436BB55A8397A9"}]},{"animations":[],"initialState":{"affineTransform":[1,0,0,1,0,0],"masksToBounds":false,"rotation":0,"scale":1,"position":{"pointX":265.0220031738281,"pointY":-220.0000014305115},"width":424.0439891815186,"sublayerTransform":[1,0,0,0,0,1,0,0,0,0,1,-0.0004922987690640373,0,0,0,1],"contentsRect":{"y":0,"x":0,"width":1,"height":1},"opacity":1,"edgeAntialiasingMask":15,"height":52.99999713897705,"hidden":false,"anchorPoint":{"pointX":0.6249870530776027,"pointY":-4.150943647291633}},"layers":[{"animations":[{"repeatCount":0,"animations":[{"from":{"pointX":-505.5,"pointY":0},"beginTime":0.2538461538461538,"repeatCount":0,"fillMode":"removed","property":"transform.translation","duration":0.4,"timingFunction":"easeOut","to":{"pointX":0,"pointY":0}},{"repeatCount":0,"timingControlPoint2y":1,"from":{"scalar":0},"timingFunction":"custom","timingControlPoint1x":0.5,"property":"transform.scale.xy","fillMode":"removed","duration":0.4,"beginTime":0.2538461538461538,"timingControlPoint2x":0.8999999761581421,"timingControlPoint1y":0,"to":{"scalar":1}},{"from":{"scalar":0},"beginTime":0.2538461538461538,"repeatCount":0,"fillMode":"both","property":"opacity","duration":0.4,"timingFunction":"easeInEaseOut","to":{"scalar":1}},{"from":{"scalar":false},"beginTime":0.2538461538461538,"repeatCount":0,"fillMode":"forwards","property":"hidden","duration":0.7461538461538462,"to":{"scalar":false}}],"beginTime":1e-100,"fillMode":"both","duration":1}],"layers":[],"initialState":{"affineTransform":[1,0,0,1,0,0],"masksToBounds":false,"rotation":0,"scale":1,"position":{"pointX":258.5220031738281,"pointY":28.49999856948853},"width":19,"sublayerTransform":[1,0,0,0,0,1,0,0,0,0,1,0,0,0,0,1],"contentsRect":{"y":0,"x":0,"width":1,"height":1},"opacity":1,"edgeAntialiasingMask":0,"height":31,"hidden":true,"anchorPoint":{"pointX":0.5,"pointY":0.5}},"texture":"45EEEAF39B426BA928DC86D97CA58F9D"}]},{"animations":[],"initialState":{"affineTransform":[1,0,0,1,0,0],"masksToBounds":false,"rotation":0,"scale":1,"position":{"pointX":265.0220031738281,"pointY":-220.0000014305115},"width":424.0439891815186,"sublayerTransform":[1,0,0,0,0,1,0,0,0,0,1,-0.0004922987690640373,0,0,0,1],"contentsRect":{"y":0,"x":0,"width":1,"height":1},"opacity":1,"edgeAntialiasingMask":15,"height":52.99999713897705,"hidden":false,"anchorPoint":{"pointX":0.6249870530776027,"pointY":-4.150943647291633}},"layers":[{"animations":[{"repeatCount":0,"animations":[{"from":{"pointX":-521.5,"pointY":0},"beginTime":0.2307692307692308,"repeatCount":0,"fillMode":"removed","property":"transform.translation","duration":0.4,"timingFunction":"easeOut","to":{"pointX":0,"pointY":0}},{"repeatCount":0,"timingControlPoint2y":1,"from":{"scalar":0},"timingFunction":"custom","timingControlPoint1x":0.5,"property":"transform.scale.xy","fillMode":"removed","duration":0.4,"beginTime":0.2307692307692308,"timingControlPoint2x":0.8999999761581421,"timingControlPoint1y":0,"to":{"scalar":1}},{"from":{"scalar":0},"beginTime":0.2307692307692308,"repeatCount":0,"fillMode":"both","property":"opacity","duration":0.4,"timingFunction":"easeInEaseOut","to":{"scalar":1}},{"from":{"scalar":false},"beginTime":0.2307692307692308,"repeatCount":0,"fillMode":"forwards","property":"hidden","duration":0.7692307692307692,"to":{"scalar":false}}],"beginTime":1e-100,"fillMode":"both","duration":1}],"layers":[],"initialState":{"affineTransform":[1,0,0,1,0,0],"masksToBounds":false,"rotation":0,"scale":1,"position":{"pointX":274.5220031738281,"pointY":26.99999856948853},"width":23,"sublayerTransform":[1,0,0,0,0,1,0,0,0,0,1,0,0,0,0,1],"contentsRect":{"y":0,"x":0,"width":1,"height":1},"opacity":1,"edgeAntialiasingMask":0,"height":34,"hidden":true,"anchorPoint":{"pointX":0.5,"pointY":0.5}},"texture":"7C8C028CDFF8E6C801B908FE75604DEA"}]},{"animations":[],"initialState":{"affineTransform":[1,0,0,1,0,0],"masksToBounds":false,"rotation":0,"scale":1,"position":{"pointX":265.0220031738281,"pointY":-220.0000014305115},"width":424.0439891815186,"sublayerTransform":[1,0,0,0,0,1,0,0,0,0,1,-0.0004922987690640373,0,0,0,1],"contentsRect":{"y":0,"x":0,"width":1,"height":1},"opacity":1,"edgeAntialiasingMask":15,"height":52.99999713897705,"hidden":false,"anchorPoint":{"pointX":0.6249870530776027,"pointY":-4.150943647291633}},"layers":[{"animations":[{"repeatCount":0,"animations":[{"from":{"pointX":-540.5,"pointY":0},"beginTime":0.2076923076923077,"repeatCount":0,"fillMode":"removed","property":"transform.translation","duration":0.4,"timingFunction":"easeOut","to":{"pointX":0,"pointY":0}},{"repeatCount":0,"timingControlPoint2y":1,"from":{"scalar":0},"timingFunction":"custom","timingControlPoint1x":0.5,"property":"transform.scale.xy","fillMode":"removed","duration":0.4,"beginTime":0.2076923076923077,"timingControlPoint2x":0.8999999761581421,"timingControlPoint1y":0,"to":{"scalar":1}},{"from":{"scalar":0},"beginTime":0.2076923076923077,"repeatCount":0,"fillMode":"both","property":"opacity","duration":0.4,"timingFunction":"easeInEaseOut","to":{"scalar":1}},{"from":{"scalar":false},"beginTime":0.2076923076923077,"repeatCount":0,"fillMode":"forwards","property":"hidden","duration":0.7923076923076923,"to":{"scalar":false}}],"beginTime":1e-100,"fillMode":"both","duration":1}],"layers":[],"initialState":{"affineTransform":[1,0,0,1,0,0],"masksToBounds":false,"rotation":0,"scale":1,"position":{"pointX":293.5220031738281,"pointY":30.99999856948853},"width":23,"sublayerTransform":[1,0,0,0,0,1,0,0,0,0,1,0,0,0,0,1],"contentsRect":{"y":0,"x":0,"width":1,"height":1},"opacity":1,"edgeAntialiasingMask":0,"height":26,"hidden":true,"anchorPoint":{"pointX":0.5,"pointY":0.5}},"texture":"F6492294FA9EA3E2C437DEA087D71D8A"}]},{"animations":[],"initialState":{"affineTransform":[1,0,0,1,0,0],"masksToBounds":false,"rotation":0,"scale":1,"position":{"pointX":265.0220031738281,"pointY":-220.0000014305115},"width":424.0439891815186,"sublayerTransform":[1,0,0,0,0,1,0,0,0,0,1,-0.0004922987690640373,0,0,0,1],"contentsRect":{"y":0,"x":0,"width":1,"height":1},"opacity":1,"edgeAntialiasingMask":15,"height":52.99999713897705,"hidden":false,"anchorPoint":{"pointX":0.6249870530776027,"pointY":-4.150943647291633}},"layers":[{"animations":[{"repeatCount":0,"animations":[{"from":{"pointX":-549.5,"pointY":0},"beginTime":0.1846153846153846,"repeatCount":0,"fillMode":"removed","property":"transform.translation","duration":0.4,"timingFunction":"easeOut","to":{"pointX":0,"pointY":0}},{"repeatCount":0,"timingControlPoint2y":1,"from":{"scalar":0},"timingFunction":"custom","timingControlPoint1x":0.5,"property":"transform.scale.xy","fillMode":"removed","duration":0.4,"beginTime":0.1846153846153846,"timingControlPoint2x":0.8999999761581421,"timingControlPoint1y":0,"to":{"scalar":1}},{"from":{"scalar":0},"beginTime":0.1846153846153846,"repeatCount":0,"fillMode":"both","property":"opacity","duration":0.4,"timingFunction":"easeInEaseOut","to":{"scalar":1}},{"from":{"scalar":false},"beginTime":0.1846153846153846,"repeatCount":0,"fillMode":"forwards","property":"hidden","duration":0.8153846153846154,"to":{"scalar":false}}],"beginTime":1e-100,"fillMode":"both","duration":1}],"layers":[],"initialState":{"affineTransform":[1,0,0,1,0,0],"masksToBounds":false,"rotation":0,"scale":1,"position":{"pointX":302.5220031738281,"pointY":39.49999856948853},"width":5,"sublayerTransform":[1,0,0,0,0,1,0,0,0,0,1,0,0,0,0,1],"contentsRect":{"y":0,"x":0,"width":1,"height":1},"opacity":1,"edgeAntialiasingMask":0,"height":5,"hidden":true,"anchorPoint":{"pointX":0.5,"pointY":0.5}},"texture":"6D0BB00954CEB7FBEE436BB55A8397A9"}]},{"animations":[],"initialState":{"affineTransform":[1,0,0,1,0,0],"masksToBounds":false,"rotation":0,"scale":1,"position":{"pointX":265.0220031738281,"pointY":-220.0000014305115},"width":424.0439891815186,"sublayerTransform":[1,0,0,0,0,1,0,0,0,0,1,-0.0004922987690640373,0,0,0,1],"contentsRect":{"y":0,"x":0,"width":1,"height":1},"opacity":1,"edgeAntialiasingMask":15,"height":52.99999713897705,"hidden":false,"anchorPoint":{"pointX":0.6249870530776027,"pointY":-4.150943647291633}},"layers":[{"animations":[{"repeatCount":0,"animations":[{"from":{"pointX":-566,"pointY":0},"beginTime":0.1615384615384616,"repeatCount":0,"fillMode":"removed","property":"transform.translation","duration":0.4,"timingFunction":"easeOut","to":{"pointX":0,"pointY":0}},{"repeatCount":0,"timingControlPoint2y":1,"from":{"scalar":0},"timingFunction":"custom","timingControlPoint1x":0.5,"property":"transform.scale.xy","fillMode":"removed","duration":0.4,"beginTime":0.1615384615384616,"timingControlPoint2x":0.8999999761581421,"timingControlPoint1y":0,"to":{"scalar":1}},{"from":{"scalar":0},"beginTime":0.1615384615384616,"repeatCount":0,"fillMode":"both","property":"opacity","duration":0.4,"timingFunction":"easeInEaseOut","to":{"scalar":1}},{"from":{"scalar":false},"beginTime":0.1615384615384616,"repeatCount":0,"fillMode":"forwards","property":"hidden","duration":0.8384615384615384,"to":{"scalar":false}}],"beginTime":1e-100,"fillMode":"both","duration":1}],"layers":[],"initialState":{"affineTransform":[1,0,0,1,0,0],"masksToBounds":false,"rotation":0,"scale":1,"position":{"pointX":319.0220031738281,"pointY":26.99999856948853},"width":22,"sublayerTransform":[1,0,0,0,0,1,0,0,0,0,1,0,0,0,0,1],"contentsRect":{"y":0,"x":0,"width":1,"height":1},"opacity":1,"edgeAntialiasingMask":0,"height":34,"hidden":true,"anchorPoint":{"pointX":0.5,"pointY":0.5}},"texture":"857E4A7308DA093434A114E770131A7D"}]},{"animations":[],"initialState":{"affineTransform":[1,0,0,1,0,0],"masksToBounds":false,"rotation":0,"scale":1,"position":{"pointX":265.0220031738281,"pointY":-220.0000014305115},"width":424.0439891815186,"sublayerTransform":[1,0,0,0,0,1,0,0,0,0,1,-0.0004922987690640373,0,0,0,1],"contentsRect":{"y":0,"x":0,"width":1,"height":1},"opacity":1,"edgeAntialiasingMask":15,"height":52.99999713897705,"hidden":false,"anchorPoint":{"pointX":0.6249870530776027,"pointY":-4.150943647291633}},"layers":[{"animations":[{"repeatCount":0,"animations":[{"from":{"pointX":-585,"pointY":0},"beginTime":0.1384615384615385,"repeatCount":0,"fillMode":"removed","property":"transform.translation","duration":0.4,"timingFunction":"easeOut","to":{"pointX":0,"pointY":0}},{"repeatCount":0,"timingControlPoint2y":1,"from":{"scalar":0},"timingFunction":"custom","timingControlPoint1x":0.5,"property":"transform.scale.xy","fillMode":"removed","duration":0.4,"beginTime":0.1384615384615385,"timingControlPoint2x":0.8999999761581421,"timingControlPoint1y":0,"to":{"scalar":1}},{"from":{"scalar":0},"beginTime":0.1384615384615385,"repeatCount":0,"fillMode":"both","property":"opacity","duration":0.4,"timingFunction":"easeInEaseOut","to":{"scalar":1}},{"from":{"scalar":false},"beginTime":0.1384615384615385,"repeatCount":0,"fillMode":"forwards","property":"hidden","duration":0.8615384615384616,"to":{"scalar":false}}],"beginTime":1e-100,"fillMode":"both","duration":1}],"layers":[],"initialState":{"affineTransform":[1,0,0,1,0,0],"masksToBounds":false,"rotation":0,"scale":1,"position":{"pointX":338.0220031738281,"pointY":30.99999856948853},"width":22,"sublayerTransform":[1,0,0,0,0,1,0,0,0,0,1,0,0,0,0,1],"contentsRect":{"y":0,"x":0,"width":1,"height":1},"opacity":1,"edgeAntialiasingMask":0,"height":26,"hidden":true,"anchorPoint":{"pointX":0.5,"pointY":0.5}},"texture":"42001C956EF49608E42E2A58C1CC89B8"}]},{"animations":[],"initialState":{"affineTransform":[1,0,0,1,0,0],"masksToBounds":false,"rotation":0,"scale":1,"position":{"pointX":265.0220031738281,"pointY":-220.0000014305115},"width":424.0439891815186,"sublayerTransform":[1,0,0,0,0,1,0,0,0,0,1,-0.0004922987690640373,0,0,0,1],"contentsRect":{"y":0,"x":0,"width":1,"height":1},"opacity":1,"edgeAntialiasingMask":15,"height":52.99999713897705,"hidden":false,"anchorPoint":{"pointX":0.6249870530776027,"pointY":-4.150943647291633}},"layers":[{"animations":[{"repeatCount":0,"animations":[{"from":{"pointX":-601.5,"pointY":0},"beginTime":0.1153846153846154,"repeatCount":0,"fillMode":"removed","property":"transform.translation","duration":0.4,"timingFunction":"easeOut","to":{"pointX":0,"pointY":0}},{"repeatCount":0,"timingControlPoint2y":1,"from":{"scalar":0},"timingFunction":"custom","timingControlPoint1x":0.5,"property":"transform.scale.xy","fillMode":"removed","duration":0.4,"beginTime":0.1153846153846154,"timingControlPoint2x":0.8999999761581421,"timingControlPoint1y":0,"to":{"scalar":1}},{"from":{"scalar":0},"beginTime":0.1153846153846154,"repeatCount":0,"fillMode":"both","property":"opacity","duration":0.4,"timingFunction":"easeInEaseOut","to":{"scalar":1}},{"from":{"scalar":false},"beginTime":0.1153846153846154,"repeatCount":0,"fillMode":"forwards","property":"hidden","duration":0.8846153846153846,"to":{"scalar":false}}],"beginTime":1e-100,"fillMode":"both","duration":1}],"layers":[],"initialState":{"affineTransform":[1,0,0,1,0,0],"masksToBounds":false,"rotation":0,"scale":1,"position":{"pointX":354.5220031738281,"pointY":30.99999856948853},"width":21,"sublayerTransform":[1,0,0,0,0,1,0,0,0,0,1,0,0,0,0,1],"contentsRect":{"y":0,"x":0,"width":1,"height":1},"opacity":1,"edgeAntialiasingMask":0,"height":26,"hidden":true,"anchorPoint":{"pointX":0.5,"pointY":0.5}},"texture":"9A1BD48272295D883DA2B8CC7B77343C"}]},{"animations":[],"initialState":{"affineTransform":[1,0,0,1,0,0],"masksToBounds":false,"rotation":0,"scale":1,"position":{"pointX":265.0220031738281,"pointY":-220.0000014305115},"width":424.0439891815186,"sublayerTransform":[1,0,0,0,0,1,0,0,0,0,1,-0.0004922987690640373,0,0,0,1],"contentsRect":{"y":0,"x":0,"width":1,"height":1},"opacity":1,"edgeAntialiasingMask":15,"height":52.99999713897705,"hidden":false,"anchorPoint":{"pointX":0.6249870530776027,"pointY":-4.150943647291633}},"layers":[{"animations":[{"repeatCount":0,"animations":[{"from":{"pointX":-616.5,"pointY":0},"beginTime":0.09230769230769231,"repeatCount":0,"fillMode":"removed","property":"transform.translation","duration":0.4,"timingFunction":"easeOut","to":{"pointX":0,"pointY":0}},{"repeatCount":0,"timingControlPoint2y":1,"from":{"scalar":0},"timingFunction":"custom","timingControlPoint1x":0.5,"property":"transform.scale.xy","fillMode":"removed","duration":0.4,"beginTime":0.09230769230769231,"timingControlPoint2x":0.8999999761581421,"timingControlPoint1y":0,"to":{"scalar":1}},{"from":{"scalar":0},"beginTime":0.09230769230769231,"repeatCount":0,"fillMode":"both","property":"opacity","duration":0.4,"timingFunction":"easeInEaseOut","to":{"scalar":1}},{"from":{"scalar":false},"beginTime":0.09230769230769231,"repeatCount":0,"fillMode":"forwards","property":"hidden","duration":0.9076923076923077,"to":{"scalar":false}}],"beginTime":1e-100,"fillMode":"both","duration":1}],"layers":[],"initialState":{"affineTransform":[1,0,0,1,0,0],"masksToBounds":false,"rotation":0,"scale":1,"position":{"pointX":369.5220031738281,"pointY":30.99999856948853},"width":21,"sublayerTransform":[1,0,0,0,0,1,0,0,0,0,1,0,0,0,0,1],"contentsRect":{"y":0,"x":0,"width":1,"height":1},"opacity":1,"edgeAntialiasingMask":0,"height":26,"hidden":true,"anchorPoint":{"pointX":0.5,"pointY":0.5}},"texture":"C61475E22EFDB521EE3C732CE45FC5E2"}]},{"animations":[],"initialState":{"affineTransform":[1,0,0,1,0,0],"masksToBounds":false,"rotation":0,"scale":1,"position":{"pointX":265.0220031738281,"pointY":-220.0000014305115},"width":424.0439891815186,"sublayerTransform":[1,0,0,0,0,1,0,0,0,0,1,-0.0004922987690640373,0,0,0,1],"contentsRect":{"y":0,"x":0,"width":1,"height":1},"opacity":1,"edgeAntialiasingMask":15,"height":52.99999713897705,"hidden":false,"anchorPoint":{"pointX":0.6249870530776027,"pointY":-4.150943647291633}},"layers":[{"animations":[{"repeatCount":0,"animations":[{"from":{"pointX":-629.5,"pointY":0},"beginTime":0.06923076923076921,"repeatCount":0,"fillMode":"removed","property":"transform.translation","duration":0.4,"timingFunction":"easeOut","to":{"pointX":0,"pointY":0}},{"repeatCount":0,"timingControlPoint2y":1,"from":{"scalar":0},"timingFunction":"custom","timingControlPoint1x":0.5,"property":"transform.scale.xy","fillMode":"removed","duration":0.4,"beginTime":0.06923076923076921,"timingControlPoint2x":0.8999999761581421,"timingControlPoint1y":0,"to":{"scalar":1}},{"from":{"scalar":0},"beginTime":0.06923076923076921,"repeatCount":0,"fillMode":"both","property":"opacity","duration":0.4,"timingFunction":"easeInEaseOut","to":{"scalar":1}},{"from":{"scalar":false},"beginTime":0.06923076923076921,"repeatCount":0,"fillMode":"forwards","property":"hidden","duration":0.9307692307692308,"to":{"scalar":false}}],"beginTime":1e-100,"fillMode":"both","duration":1}],"layers":[],"initialState":{"affineTransform":[1,0,0,1,0,0],"masksToBounds":false,"rotation":0,"scale":1,"position":{"pointX":382.5220031738281,"pointY":26.99999856948853},"width":13,"sublayerTransform":[1,0,0,0,0,1,0,0,0,0,1,0,0,0,0,1],"contentsRect":{"y":0,"x":0,"width":1,"height":1},"opacity":1,"edgeAntialiasingMask":0,"height":34,"hidden":true,"anchorPoint":{"pointX":0.5,"pointY":0.5}},"texture":"A8F750F688C389D72045F6293D93C00D"}]},{"animations":[],"initialState":{"affineTransform":[1,0,0,1,0,0],"masksToBounds":false,"rotation":0,"scale":1,"position":{"pointX":265.0220031738281,"pointY":-220.0000014305115},"width":424.0439891815186,"sublayerTransform":[1,0,0,0,0,1,0,0,0,0,1,-0.0004922987690640373,0,0,0,1],"contentsRect":{"y":0,"x":0,"width":1,"height":1},"opacity":1,"edgeAntialiasingMask":15,"height":52.99999713897705,"hidden":false,"anchorPoint":{"pointX":0.6249870530776027,"pointY":-4.150943647291633}},"layers":[{"animations":[{"repeatCount":0,"animations":[{"from":{"pointX":-642.5,"pointY":0},"beginTime":0.04615384615384621,"repeatCount":0,"fillMode":"removed","property":"transform.translation","duration":0.4,"timingFunction":"easeOut","to":{"pointX":0,"pointY":0}},{"repeatCount":0,"timingControlPoint2y":1,"from":{"scalar":0},"timingFunction":"custom","timingControlPoint1x":0.5,"property":"transform.scale.xy","fillMode":"removed","duration":0.4,"beginTime":0.04615384615384621,"timingControlPoint2x":0.8999999761581421,"timingControlPoint1y":0,"to":{"scalar":1}},{"from":{"scalar":0},"beginTime":0.04615384615384621,"repeatCount":0,"fillMode":"both","property":"opacity","duration":0.4,"timingFunction":"easeInEaseOut","to":{"scalar":1}},{"from":{"scalar":false},"beginTime":0.04615384615384621,"repeatCount":0,"fillMode":"forwards","property":"hidden","duration":0.9538461538461538,"to":{"scalar":false}}],"beginTime":1e-100,"fillMode":"both","duration":1}],"layers":[],"initialState":{"affineTransform":[1,0,0,1,0,0],"masksToBounds":false,"rotation":0,"scale":1,"position":{"pointX":395.5220031738281,"pointY":30.99999856948853},"width":23,"sublayerTransform":[1,0,0,0,0,1,0,0,0,0,1,0,0,0,0,1],"contentsRect":{"y":0,"x":0,"width":1,"height":1},"opacity":1,"edgeAntialiasingMask":0,"height":26,"hidden":true,"anchorPoint":{"pointX":0.5,"pointY":0.5}},"texture":"57D7ECC9250D135E1F78932943F23334"}]},{"animations":[],"initialState":{"affineTransform":[1,0,0,1,0,0],"masksToBounds":false,"rotation":0,"scale":1,"position":{"pointX":265.0220031738281,"pointY":-220.0000014305115},"width":424.0439891815186,"sublayerTransform":[1,0,0,0,0,1,0,0,0,0,1,-0.0004922987690640373,0,0,0,1],"contentsRect":{"y":0,"x":0,"width":1,"height":1},"opacity":1,"edgeAntialiasingMask":15,"height":52.99999713897705,"hidden":false,"anchorPoint":{"pointX":0.6249870530776027,"pointY":-4.150943647291633}},"layers":[{"animations":[{"repeatCount":0,"animations":[{"from":{"pointX":-659,"pointY":0},"beginTime":0.02307692307692311,"repeatCount":0,"fillMode":"removed","property":"transform.translation","duration":0.4,"timingFunction":"easeOut","to":{"pointX":0,"pointY":0}},{"repeatCount":0,"timingControlPoint2y":1,"from":{"scalar":0},"timingFunction":"custom","timingControlPoint1x":0.5,"property":"transform.scale.xy","fillMode":"removed","duration":0.4,"beginTime":0.02307692307692311,"timingControlPoint2x":0.8999999761581421,"timingControlPoint1y":0,"to":{"scalar":1}},{"from":{"scalar":0},"beginTime":0.02307692307692311,"repeatCount":0,"fillMode":"both","property":"opacity","duration":0.4,"timingFunction":"easeInEaseOut","to":{"scalar":1}},{"from":{"scalar":false},"beginTime":0.02307692307692311,"repeatCount":0,"fillMode":"forwards","property":"hidden","duration":0.9769230769230769,"to":{"scalar":false}}],"beginTime":1e-100,"fillMode":"both","duration":1}],"layers":[],"initialState":{"affineTransform":[1,0,0,1,0,0],"masksToBounds":false,"rotation":0,"scale":1,"position":{"pointX":412.0220031738281,"pointY":30.99999856948853},"width":22,"sublayerTransform":[1,0,0,0,0,1,0,0,0,0,1,0,0,0,0,1],"contentsRect":{"y":0,"x":0,"width":1,"height":1},"opacity":1,"edgeAntialiasingMask":0,"height":26,"hidden":true,"anchorPoint":{"pointX":0.5,"pointY":0.5}},"texture":"0ABF56609DEC35B0831CCE83F93E25E5"}]}]},"effects":[],"duration":1,"type":"buildIn","name":"apple:sidezoom","objectID":0}],"automaticPlay":false,"hyperlinks":[],"accessibility":[{"text":"make it easy for teachers…","targetRectangle":{"y":23,"x":229.232812166214,"width":582.8812507092953,"height":121.8511703689583}},{"text":"Create individualized curriculum for each student","targetRectangle":{"y":217,"x":102.9999990463257,"width":778.39453125,"height":40.822265625}},{"text":"Make assessed student status visible in context","targetRectangle":{"y":259,"x":102.9999990463257,"width":758.390625,"height":92.822265625}},{"text":"Delegate primary information delivery to technology","targetRectangle":{"y":353,"x":102.9999990463257,"width":820.40625,"height":92.822265625}},{"text":"That is…","targetRectangle":{"y":447,"x":102.9999990463257,"width":144.03515625,"height":92.822265625}}],"baseLayer":{"animations":[],"initialState":{"affineTransform":[1,0,0,1,0,0],"masksToBounds":true,"rotation":0,"scale":1,"position":{"pointX":512,"pointY":384},"width":1024,"sublayerTransform":[1,0,0,0,0,1,0,0,0,0,1,0,0,0,0,1],"contentsRect":{"y":0,"x":0,"width":1,"height":1},"opacity":1,"edgeAntialiasingMask":0,"height":768,"hidden":false,"anchorPoint":{"pointX":0.5,"pointY":0.5}},"layers":[{"animations":[],"initialState":{"affineTransform":[1,0,0,1,0,0],"masksToBounds":false,"rotation":0,"scale":1,"position":{"pointX":512,"pointY":384},"width":1024,"sublayerTransform":[1,0,0,0,0,1,0,0,0,0,1,0,0,0,0,1],"contentsRect":{"y":0,"x":0,"width":1,"height":1},"opacity":1,"edgeAntialiasingMask":15,"height":768,"hidden":false,"anchorPoint":{"pointX":0.5,"pointY":0.5}},"layers":[{"animations":[],"initialState":{"affineTransform":[1,0,0,1,0,0],"masksToBounds":false,"rotation":0,"scale":1,"position":{"pointX":512,"pointY":384},"width":1024,"sublayerTransform":[1,0,0,0,0,1,0,0,0,0,1,0,0,0,0,1],"contentsRect":{"y":0,"x":0,"width":1,"height":1},"opacity":1,"edgeAntialiasingMask":15,"height":768,"hidden":false,"anchorPoint":{"pointX":0.5,"pointY":0.5}},"layers":[{"animations":[],"layers":[],"initialState":{"affineTransform":[1,0,0,1,0,0],"masksToBounds":false,"rotation":0,"scale":1,"position":{"pointX":512,"pointY":384},"width":1024,"sublayerTransform":[1,0,0,0,0,1,0,0,0,0,1,0,0,0,0,1],"contentsRect":{"y":0,"x":0,"width":1,"height":1},"opacity":1,"edgeAntialiasingMask":0,"height":768,"hidden":false,"anchorPoint":{"pointX":0.5,"pointY":0.5}},"texture":"D8CE7FFE207C1D8439A05951E2FBF6C1"}]}]},{"animations":[],"initialState":{"affineTransform":[1,0,0,1,0,0],"masksToBounds":false,"rotation":0,"scale":1,"position":{"pointX":512,"pointY":384},"width":1024,"sublayerTransform":[1,0,0,0,0,1,0,0,0,0,1,0,0,0,0,1],"contentsRect":{"y":0,"x":0,"width":1,"height":1},"opacity":1,"edgeAntialiasingMask":15,"height":768,"hidden":false,"anchorPoint":{"pointX":0.5,"pointY":0.5}},"layers":[{"animations":[],"initialState":{"affineTransform":[1,0,0,1,0,0],"masksToBounds":false,"rotation":0,"scale":1,"position":{"pointX":512,"pointY":84},"width":894,"sublayerTransform":[1,0,0,0,0,1,0,0,0,0,1,0,0,0,0,1],"contentsRect":{"y":0,"x":0,"width":1,"height":1},"opacity":1,"edgeAntialiasingMask":15,"height":160,"hidden":false,"anchorPoint":{"pointX":0.5,"pointY":0.5}},"layers":[{"animations":[],"layers":[],"initialState":{"affineTransform":[1,0,0,1,0,0],"masksToBounds":false,"rotation":0,"scale":1,"position":{"pointX":449,"pointY":77.5},"width":568,"sublayerTransform":[1,0,0,0,0,1,0,0,0,0,1,0,0,0,0,1],"contentsRect":{"y":0,"x":0,"width":1,"height":1},"opacity":1,"edgeAntialiasingMask":0,"height":107,"hidden":false,"anchorPoint":{"pointX":0.5,"pointY":0.5}},"texture":"22ED19AD2BC99CC0ADF07D21CAA51757"}]}]},{"animations":[],"initialState":{"affineTransform":[1,0,0,1,0,0],"masksToBounds":false,"rotation":0,"scale":1,"position":{"pointX":512,"pointY":384},"width":1024,"sublayerTransform":[1,0,0,0,0,1,0,0,0,0,1,0,0,0,0,1],"contentsRect":{"y":0,"x":0,"width":1,"height":1},"opacity":1,"edgeAntialiasingMask":15,"height":768,"hidden":false,"anchorPoint":{"pointX":0.5,"pointY":0.5}},"layers":[{"animations":[],"initialState":{"affineTransform":[1,0,0,1,0,0],"masksToBounds":false,"rotation":0,"scale":1,"position":{"pointX":512,"pointY":384.0000002384186},"width":894,"sublayerTransform":[1,0,0,0,0,1,0,0,0,0,1,0,0,0,0,1],"contentsRect":{"y":0,"x":0,"width":1,"height":1},"opacity":1,"edgeAntialiasingMask":15,"height":342.0000004768372,"hidden":false,"anchorPoint":{"pointX":0.5,"pointY":0.5}},"layers":[{"animations":[],"layers":[],"initialState":{"affineTransform":[1,0,0,1,0,0],"masksToBounds":false,"rotation":0,"scale":1,"position":{"pointX":433,"pointY":165},"width":860,"sublayerTransform":[1,0,0,0,0,1,0,0,0,0,1,0,0,0,0,1],"contentsRect":{"y":0,"x":0,"width":1,"height":1},"opacity":1,"edgeAntialiasingMask":0,"height":316,"hidden":false,"anchorPoint":{"pointX":0.5,"pointY":0.5}},"texture":"8F8E732D47EADC36C98BD5C726C9790A"}]}]},{"animations":[],"initialState":{"affineTransform":[1,0,0,1,0,0],"masksToBounds":false,"rotation":0,"scale":1,"position":{"pointX":512,"pointY":384},"width":1024,"sublayerTransform":[1,0,0,0,0,1,0,0,0,0,1,0,0,0,0,1],"contentsRect":{"y":0,"x":0,"width":1,"height":1},"opacity":1,"edgeAntialiasingMask":15,"height":768,"hidden":false,"anchorPoint":{"pointX":0.5,"pointY":0.5}},"layers":[{"animations":[],"initialState":{"affineTransform":[1,0,0,1,0,0],"masksToBounds":false,"rotation":0,"scale":1,"position":{"pointX":458.9999914169312,"pointY":630.5},"width":424.0439891815186,"sublayerTransform":[1,0,0,0,0,1,0,0,0,0,1,0,0,0,0,1],"contentsRect":{"y":0,"x":0,"width":1,"height":1},"opacity":1,"edgeAntialiasingMask":15,"height":52.99999713897705,"hidden":false,"anchorPoint":{"pointX":0.5,"pointY":0.5}},"objectID":0,"layers":[{"animations":[],"layers":[],"initialState":{"affineTransform":[1,0,0,1,0,0],"masksToBounds":false,"rotation":0,"scale":1,"position":{"pointX":12.02200317382812,"pointY":30.99999856948853},"width":18,"sublayerTransform":[1,0,0,0,0,1,0,0,0,0,1,0,0,0,0,1],"contentsRect":{"y":0,"x":0,"width":1,"height":1},"opacity":1,"edgeAntialiasingMask":0,"height":26,"hidden":true,"anchorPoint":{"pointX":0.5,"pointY":0.5}},"texture":"672BE07DB0D16619341310A732B6C99C"},{"animations":[],"layers":[],"initialState":{"affineTransform":[1,0,0,1,0,0],"masksToBounds":false,"rotation":0,"scale":1,"position":{"pointX":25.52200317382812,"pointY":30.99999856948853},"width":23,"sublayerTransform":[1,0,0,0,0,1,0,0,0,0,1,0,0,0,0,1],"contentsRect":{"y":0,"x":0,"width":1,"height":1},"opacity":1,"edgeAntialiasingMask":0,"height":26,"hidden":true,"anchorPoint":{"pointX":0.5,"pointY":0.5}},"texture":"282181B8750228C389E63EFD36503F82"},{"animations":[],"layers":[],"initialState":{"affineTransform":[1,0,0,1,0,0],"masksToBounds":false,"rotation":0,"scale":1,"position":{"pointX":49.52200317382812,"pointY":30.99999856948853},"width":33,"sublayerTransform":[1,0,0,0,0,1,0,0,0,0,1,0,0,0,0,1],"contentsRect":{"y":0,"x":0,"width":1,"height":1},"opacity":1,"edgeAntialiasingMask":0,"height":26,"hidden":true,"anchorPoint":{"pointX":0.5,"pointY":0.5}},"texture":"C4CAEDC876D72C7BDB01B7A197476038"},{"animations":[],"layers":[],"initialState":{"affineTransform":[1,0,0,1,0,0],"masksToBounds":false,"rotation":0,"scale":1,"position":{"pointX":74.02200317382812,"pointY":30.99999856948853},"width":24,"sublayerTransform":[1,0,0,0,0,1,0,0,0,0,1,0,0,0,0,1],"contentsRect":{"y":0,"x":0,"width":1,"height":1},"opacity":1,"edgeAntialiasingMask":0,"height":26,"hidden":true,"anchorPoint":{"pointX":0.5,"pointY":0.5}},"texture":"E37EF6595383E1A1CD878B8A0E8A0A44"},{"animations":[],"layers":[],"initialState":{"affineTransform":[1,0,0,1,0,0],"masksToBounds":false,"rotation":0,"scale":1,"position":{"pointX":92.02200317382812,"pointY":30.99999856948853},"width":24,"sublayerTransform":[1,0,0,0,0,1,0,0,0,0,1,0,0,0,0,1],"contentsRect":{"y":0,"x":0,"width":1,"height":1},"opacity":1,"edgeAntialiasingMask":0,"height":26,"hidden":true,"anchorPoint":{"pointX":0.5,"pointY":0.5}},"texture":"B992D4FA588202E61F12A03DC0E22E64"},{"animations":[],"layers":[],"initialState":{"affineTransform":[1,0,0,1,0,0],"masksToBounds":false,"rotation":0,"scale":1,"position":{"pointX":109.5220031738281,"pointY":30.99999856948853},"width":23,"sublayerTransform":[1,0,0,0,0,1,0,0,0,0,1,0,0,0,0,1],"contentsRect":{"y":0,"x":0,"width":1,"height":1},"opacity":1,"edgeAntialiasingMask":0,"height":26,"hidden":true,"anchorPoint":{"pointX":0.5,"pointY":0.5}},"texture":"586DA0EB16CDC744AF20B023F79B5343"},{"animations":[],"layers":[],"initialState":{"affineTransform":[1,0,0,1,0,0],"masksToBounds":false,"rotation":0,"scale":1,"position":{"pointX":118.5220031738281,"pointY":39.49999856948853},"width":5,"sublayerTransform":[1,0,0,0,0,1,0,0,0,0,1,0,0,0,0,1],"contentsRect":{"y":0,"x":0,"width":1,"height":1},"opacity":1,"edgeAntialiasingMask":0,"height":5,"hidden":true,"anchorPoint":{"pointX":0.5,"pointY":0.5}},"texture":"6D0BB00954CEB7FBEE436BB55A8397A9"},{"animations":[],"layers":[],"initialState":{"affineTransform":[1,0,0,1,0,0],"masksToBounds":false,"rotation":0,"scale":1,"position":{"pointX":133.0220031738281,"pointY":30.99999856948853},"width":20,"sublayerTransform":[1,0,0,0,0,1,0,0,0,0,1,0,0,0,0,1],"contentsRect":{"y":0,"x":0,"width":1,"height":1},"opacity":1,"edgeAntialiasingMask":0,"height":26,"hidden":true,"anchorPoint":{"pointX":0.5,"pointY":0.5}},"texture":"12382C5B3D8D29168E9255C0F21986DC"},{"animations":[],"layers":[],"initialState":{"affineTransform":[1,0,0,1,0,0],"masksToBounds":false,"rotation":0,"scale":1,"position":{"pointX":150.0220031738281,"pointY":30.99999856948853},"width":24,"sublayerTransform":[1,0,0,0,0,1,0,0,0,0,1,0,0,0,0,1],"contentsRect":{"y":0,"x":0,"width":1,"height":1},"opacity":1,"edgeAntialiasingMask":0,"height":26,"hidden":true,"anchorPoint":{"pointX":0.5,"pointY":0.5}},"texture":"757816CEEBB2990F09B9910C04D0C464"},{"animations":[],"layers":[],"initialState":{"affineTransform":[1,0,0,1,0,0],"masksToBounds":false,"rotation":0,"scale":1,"position":{"pointX":175.0220031738281,"pointY":30.99999856948853},"width":32,"sublayerTransform":[1,0,0,0,0,1,0,0,0,0,1,0,0,0,0,1],"contentsRect":{"y":0,"x":0,"width":1,"height":1},"opacity":1,"edgeAntialiasingMask":0,"height":26,"hidden":true,"anchorPoint":{"pointX":0.5,"pointY":0.5}},"texture":"FD2076564A13BABEFBA2E506977BFACB"},{"animations":[],"layers":[],"initialState":{"affineTransform":[1,0,0,1,0,0],"masksToBounds":false,"rotation":0,"scale":1,"position":{"pointX":199.0220031738281,"pointY":30.99999856948853},"width":22,"sublayerTransform":[1,0,0,0,0,1,0,0,0,0,1,0,0,0,0,1],"contentsRect":{"y":0,"x":0,"width":1,"height":1},"opacity":1,"edgeAntialiasingMask":0,"height":26,"hidden":true,"anchorPoint":{"pointX":0.5,"pointY":0.5}},"texture":"C07892D70FBDED92BBC7FEA9571759BA"},{"animations":[],"layers":[],"initialState":{"affineTransform":[1,0,0,1,0,0],"masksToBounds":false,"rotation":0,"scale":1,"position":{"pointX":208.5220031738281,"pointY":39.49999856948853},"width":5,"sublayerTransform":[1,0,0,0,0,1,0,0,0,0,1,0,0,0,0,1],"contentsRect":{"y":0,"x":0,"width":1,"height":1},"opacity":1,"edgeAntialiasingMask":0,"height":5,"hidden":true,"anchorPoint":{"pointX":0.5,"pointY":0.5}},"texture":"6D0BB00954CEB7FBEE436BB55A8397A9"},{"animations":[],"layers":[],"initialState":{"affineTransform":[1,0,0,1,0,0],"masksToBounds":false,"rotation":0,"scale":1,"position":{"pointX":225.0220031738281,"pointY":30.99999856948853},"width":24,"sublayerTransform":[1,0,0,0,0,1,0,0,0,0,1,0,0,0,0,1],"contentsRect":{"y":0,"x":0,"width":1,"height":1},"opacity":1,"edgeAntialiasingMask":0,"height":26,"hidden":true,"anchorPoint":{"pointX":0.5,"pointY":0.5}},"texture":"A513B96BEA28F889B6BCF609B5CCC3E3"},{"animations":[],"layers":[],"initialState":{"affineTransform":[1,0,0,1,0,0],"masksToBounds":false,"rotation":0,"scale":1,"position":{"pointX":241.0220031738281,"pointY":26.99999856948853},"width":18,"sublayerTransform":[1,0,0,0,0,1,0,0,0,0,1,0,0,0,0,1],"contentsRect":{"y":0,"x":0,"width":1,"height":1},"opacity":1,"edgeAntialiasingMask":0,"height":34,"hidden":true,"anchorPoint":{"pointX":0.5,"pointY":0.5}},"texture":"0DDA17BD4D345FE1526EEA4B35174C26"},{"animations":[],"layers":[],"initialState":{"affineTransform":[1,0,0,1,0,0],"masksToBounds":false,"rotation":0,"scale":1,"position":{"pointX":245.5220031738281,"pointY":39.49999856948853},"width":5,"sublayerTransform":[1,0,0,0,0,1,0,0,0,0,1,0,0,0,0,1],"contentsRect":{"y":0,"x":0,"width":1,"height":1},"opacity":1,"edgeAntialiasingMask":0,"height":5,"hidden":true,"anchorPoint":{"pointX":0.5,"pointY":0.5}},"texture":"6D0BB00954CEB7FBEE436BB55A8397A9"},{"animations":[],"layers":[],"initialState":{"affineTransform":[1,0,0,1,0,0],"masksToBounds":false,"rotation":0,"scale":1,"position":{"pointX":258.5220031738281,"pointY":28.49999856948853},"width":19,"sublayerTransform":[1,0,0,0,0,1,0,0,0,0,1,0,0,0,0,1],"contentsRect":{"y":0,"x":0,"width":1,"height":1},"opacity":1,"edgeAntialiasingMask":0,"height":31,"hidden":true,"anchorPoint":{"pointX":0.5,"pointY":0.5}},"texture":"45EEEAF39B426BA928DC86D97CA58F9D"},{"animations":[],"layers":[],"initialState":{"affineTransform":[1,0,0,1,0,0],"masksToBounds":false,"rotation":0,"scale":1,"position":{"pointX":274.5220031738281,"pointY":26.99999856948853},"width":23,"sublayerTransform":[1,0,0,0,0,1,0,0,0,0,1,0,0,0,0,1],"contentsRect":{"y":0,"x":0,"width":1,"height":1},"opacity":1,"edgeAntialiasingMask":0,"height":34,"hidden":true,"anchorPoint":{"pointX":0.5,"pointY":0.5}},"texture":"7C8C028CDFF8E6C801B908FE75604DEA"},{"animations":[],"layers":[],"initialState":{"affineTransform":[1,0,0,1,0,0],"masksToBounds":false,"rotation":0,"scale":1,"position":{"pointX":293.5220031738281,"pointY":30.99999856948853},"width":23,"sublayerTransform":[1,0,0,0,0,1,0,0,0,0,1,0,0,0,0,1],"contentsRect":{"y":0,"x":0,"width":1,"height":1},"opacity":1,"edgeAntialiasingMask":0,"height":26,"hidden":true,"anchorPoint":{"pointX":0.5,"pointY":0.5}},"texture":"F6492294FA9EA3E2C437DEA087D71D8A"},{"animations":[],"layers":[],"initialState":{"affineTransform":[1,0,0,1,0,0],"masksToBounds":false,"rotation":0,"scale":1,"position":{"pointX":302.5220031738281,"pointY":39.49999856948853},"width":5,"sublayerTransform":[1,0,0,0,0,1,0,0,0,0,1,0,0,0,0,1],"contentsRect":{"y":0,"x":0,"width":1,"height":1},"opacity":1,"edgeAntialiasingMask":0,"height":5,"hidden":true,"anchorPoint":{"pointX":0.5,"pointY":0.5}},"texture":"6D0BB00954CEB7FBEE436BB55A8397A9"},{"animations":[],"layers":[],"initialState":{"affineTransform":[1,0,0,1,0,0],"masksToBounds":false,"rotation":0,"scale":1,"position":{"pointX":319.0220031738281,"pointY":26.99999856948853},"width":22,"sublayerTransform":[1,0,0,0,0,1,0,0,0,0,1,0,0,0,0,1],"contentsRect":{"y":0,"x":0,"width":1,"height":1},"opacity":1,"edgeAntialiasingMask":0,"height":34,"hidden":true,"anchorPoint":{"pointX":0.5,"pointY":0.5}},"texture":"857E4A7308DA093434A114E770131A7D"},{"animations":[],"layers":[],"initialState":{"affineTransform":[1,0,0,1,0,0],"masksToBounds":false,"rotation":0,"scale":1,"position":{"pointX":338.0220031738281,"pointY":30.99999856948853},"width":22,"sublayerTransform":[1,0,0,0,0,1,0,0,0,0,1,0,0,0,0,1],"contentsRect":{"y":0,"x":0,"width":1,"height":1},"opacity":1,"edgeAntialiasingMask":0,"height":26,"hidden":true,"anchorPoint":{"pointX":0.5,"pointY":0.5}},"texture":"42001C956EF49608E42E2A58C1CC89B8"},{"animations":[],"layers":[],"initialState":{"affineTransform":[1,0,0,1,0,0],"masksToBounds":false,"rotation":0,"scale":1,"position":{"pointX":354.5220031738281,"pointY":30.99999856948853},"width":21,"sublayerTransform":[1,0,0,0,0,1,0,0,0,0,1,0,0,0,0,1],"contentsRect":{"y":0,"x":0,"width":1,"height":1},"opacity":1,"edgeAntialiasingMask":0,"height":26,"hidden":true,"anchorPoint":{"pointX":0.5,"pointY":0.5}},"texture":"9A1BD48272295D883DA2B8CC7B77343C"},{"animations":[],"layers":[],"initialState":{"affineTransform":[1,0,0,1,0,0],"masksToBounds":false,"rotation":0,"scale":1,"position":{"pointX":369.5220031738281,"pointY":30.99999856948853},"width":21,"sublayerTransform":[1,0,0,0,0,1,0,0,0,0,1,0,0,0,0,1],"contentsRect":{"y":0,"x":0,"width":1,"height":1},"opacity":1,"edgeAntialiasingMask":0,"height":26,"hidden":true,"anchorPoint":{"pointX":0.5,"pointY":0.5}},"texture":"C61475E22EFDB521EE3C732CE45FC5E2"},{"animations":[],"layers":[],"initialState":{"affineTransform":[1,0,0,1,0,0],"masksToBounds":false,"rotation":0,"scale":1,"position":{"pointX":382.5220031738281,"pointY":26.99999856948853},"width":13,"sublayerTransform":[1,0,0,0,0,1,0,0,0,0,1,0,0,0,0,1],"contentsRect":{"y":0,"x":0,"width":1,"height":1},"opacity":1,"edgeAntialiasingMask":0,"height":34,"hidden":true,"anchorPoint":{"pointX":0.5,"pointY":0.5}},"texture":"A8F750F688C389D72045F6293D93C00D"},{"animations":[],"layers":[],"initialState":{"affineTransform":[1,0,0,1,0,0],"masksToBounds":false,"rotation":0,"scale":1,"position":{"pointX":395.5220031738281,"pointY":30.99999856948853},"width":23,"sublayerTransform":[1,0,0,0,0,1,0,0,0,0,1,0,0,0,0,1],"contentsRect":{"y":0,"x":0,"width":1,"height":1},"opacity":1,"edgeAntialiasingMask":0,"height":26,"hidden":true,"anchorPoint":{"pointX":0.5,"pointY":0.5}},"texture":"57D7ECC9250D135E1F78932943F23334"},{"animations":[],"layers":[],"initialState":{"affineTransform":[1,0,0,1,0,0],"masksToBounds":false,"rotation":0,"scale":1,"position":{"pointX":412.0220031738281,"pointY":30.99999856948853},"width":22,"sublayerTransform":[1,0,0,0,0,1,0,0,0,0,1,0,0,0,0,1],"contentsRect":{"y":0,"x":0,"width":1,"height":1},"opacity":1,"edgeAntialiasingMask":0,"height":26,"hidden":true,"anchorPoint":{"pointX":0.5,"pointY":0.5}},"texture":"0ABF56609DEC35B0831CCE83F93E25E5"}]}]}]}},{"effects":[{"beginTime":0,"baseLayer":{"animations":[],"initialState":{"affineTransform":[1,0,0,1,0,0],"masksToBounds":true,"rotation":0,"scale":1,"position":{"pointX":512,"pointY":384},"width":1024,"sublayerTransform":[1,0,0,0,0,1,0,0,0,0,1,0,0,0,0,1],"contentsRect":{"y":0,"x":0,"width":1,"height":1},"opacity":1,"edgeAntialiasingMask":0,"height":768,"hidden":false,"anchorPoint":{"pointX":0.5,"pointY":0.5}},"objectID":0,"layers":[{"animations":[],"initialState":{"affineTransform":[1,0,0,1,0,0],"masksToBounds":false,"rotation":0,"scale":1,"position":{"pointX":512,"pointY":384},"width":1024,"sublayerTransform":[1,0,0,0,0,1,0,0,0,0,1,-0.0004922987690640373,0,0,0,1],"contentsRect":{"y":0,"x":0,"width":1,"height":1},"opacity":1,"edgeAntialiasingMask":15,"height":768,"hidden":false,"anchorPoint":{"pointX":0.5,"pointY":0.5}},"layers":[{"animations":[],"layers":[],"initialState":{"affineTransform":[1,0,0,1,0,0],"masksToBounds":false,"rotation":0,"scale":1,"position":{"pointX":512,"pointY":384},"width":1024,"sublayerTransform":[1,0,0,0,0,1,0,0,0,0,1,0,0,0,0,1],"contentsRect":{"y":0,"x":0,"width":1,"height":1},"opacity":1,"edgeAntialiasingMask":0,"height":768,"hidden":false,"anchorPoint":{"pointX":0.5,"pointY":0.5}},"texture":"A9D85A1829DDAF5A8EBF325B4F1BEA04"},{"animations":[{"from":{"scalar":1},"beginTime":0,"repeatCount":0,"fillMode":"both","property":"opacity","duration":0.75,"timingFunction":"easeInEaseOut","to":{"scalar":0}}],"layers":[],"initialState":{"affineTransform":[1,0,0,1,0,0],"masksToBounds":false,"rotation":0,"scale":1,"position":{"pointX":512,"pointY":384},"width":1024,"sublayerTransform":[1,0,0,0,0,1,0,0,0,0,1,0,0,0,0,1],"contentsRect":{"y":0,"x":0,"width":1,"height":1},"opacity":1,"edgeAntialiasingMask":0,"height":768,"hidden":false,"anchorPoint":{"pointX":0.5,"pointY":0.5}},"texture":"A52D64D33AA832C380ED84EA7D76AAA5"}]}]},"effects":[],"duration":0.75,"type":"transition","attributes":{"direction":13},"name":"apple:wipe","objectID":0}],"automaticPlay":false,"hyperlinks":[],"accessibility":[{"text":"make it easy for teachers…","targetRectangle":{"y":23,"x":229.232812166214,"width":582.8812507092953,"height":121.8511703689583}},{"text":"remove some of the hassles","targetRectangle":{"y":608.0000014305115,"x":250.9779968261719,"width":415.0439999999999,"height":45}},{"text":"Create individualized curriculum for each student","targetRectangle":{"y":217,"x":102.9999990463257,"width":778.39453125,"height":40.822265625}},{"text":"Make assessed student status visible in context","targetRectangle":{"y":259,"x":102.9999990463257,"width":758.390625,"height":92.822265625}},{"text":"Delegate primary information delivery to technology","targetRectangle":{"y":353,"x":102.9999990463257,"width":820.40625,"height":92.822265625}},{"text":"That is…","targetRectangle":{"y":447,"x":102.9999990463257,"width":144.03515625,"height":92.822265625}}],"baseLayer":{"animations":[],"initialState":{"affineTransform":[1,0,0,1,0,0],"masksToBounds":true,"rotation":0,"scale":1,"position":{"pointX":512,"pointY":384},"width":1024,"sublayerTransform":[1,0,0,0,0,1,0,0,0,0,1,0,0,0,0,1],"contentsRect":{"y":0,"x":0,"width":1,"height":1},"opacity":1,"edgeAntialiasingMask":0,"height":768,"hidden":false,"anchorPoint":{"pointX":0.5,"pointY":0.5}},"objectID":0,"layers":[{"animations":[],"initialState":{"affineTransform":[1,0,0,1,0,0],"masksToBounds":false,"rotation":0,"scale":1,"position":{"pointX":512,"pointY":384},"width":1024,"sublayerTransform":[1,0,0,0,0,1,0,0,0,0,1,-0.0004922987690640373,0,0,0,1],"contentsRect":{"y":0,"x":0,"width":1,"height":1},"opacity":1,"edgeAntialiasingMask":15,"height":768,"hidden":false,"anchorPoint":{"pointX":0.5,"pointY":0.5}},"layers":[{"animations":[],"layers":[],"initialState":{"affineTransform":[1,0,0,1,0,0],"masksToBounds":false,"rotation":0,"scale":1,"position":{"pointX":512,"pointY":384},"width":1024,"sublayerTransform":[1,0,0,0,0,1,0,0,0,0,1,0,0,0,0,1],"contentsRect":{"y":0,"x":0,"width":1,"height":1},"opacity":1,"edgeAntialiasingMask":0,"height":768,"hidden":false,"anchorPoint":{"pointX":0.5,"pointY":0.5}},"texture":"A9D85A1829DDAF5A8EBF325B4F1BEA04"},{"animations":[{"from":{"scalar":1},"beginTime":0,"repeatCount":0,"fillMode":"both","property":"opacity","duration":0.75,"timingFunction":"easeInEaseOut","to":{"scalar":0}}],"layers":[],"initialState":{"affineTransform":[1,0,0,1,0,0],"masksToBounds":false,"rotation":0,"scale":1,"position":{"pointX":512,"pointY":384},"width":1024,"sublayerTransform":[1,0,0,0,0,1,0,0,0,0,1,0,0,0,0,1],"contentsRect":{"y":0,"x":0,"width":1,"height":1},"opacity":1,"edgeAntialiasingMask":0,"height":768,"hidden":false,"anchorPoint":{"pointX":0.5,"pointY":0.5}},"texture":"A52D64D33AA832C380ED84EA7D76AAA5"}]}]}}]}