{"assets":{"376D91BF7437AD5FB97B5A9D7DA344A1":{"type":"texture","assetRequest":{"type":"slide","state":"contents","slide":"99A5FB03-DE1B-4B4A-AE6D-D0C074086E95"},"url":"assets/376D91BF7437AD5FB97B5A9D7DA344A1.svg","width":24,"height":25},"BBEEEF37277237E9051A7410FAB1A9B7":{"type":"texture","assetRequest":{"type":"slide","state":"contents","slide":"99A5FB03-DE1B-4B4A-AE6D-D0C074086E95"},"url":"assets/BBEEEF37277237E9051A7410FAB1A9B7.svg","width":21,"height":25},"6DC7EC84448E141C7BAFBABD541BC57C":{"type":"texture","assetRequest":{"type":"slide","state":"contents","slide":"99A5FB03-DE1B-4B4A-AE6D-D0C074086E95"},"url":"assets/6DC7EC84448E141C7BAFBABD541BC57C.svg","width":770,"height":37},"8A17BB153A80D6087801DFEF437C463A":{"type":"texture","assetRequest":{"type":"slide","state":"contents","slide":"99A5FB03-DE1B-4B4A-AE6D-D0C074086E95"},"url":"assets/8A17BB153A80D6087801DFEF437C463A.svg","width":23,"height":25},"944899B56498238E4AE106BB106C8060":{"type":"texture","assetRequest":{"type":"slide","state":"contents","slide":"99A5FB03-DE1B-4B4A-AE6D-D0C074086E95"},"url":"assets/944899B56498238E4AE106BB106C8060.svg","width":24,"height":31},"E743EA52B651EE77805778025072D487":{"type":"texture","assetRequest":{"type":"slide","state":"outgoing","slide":"99A5FB03-DE1B-4B4A-AE6D-D0C074086E95"},"url":"assets/E743EA52B651EE77805778025072D487.svg","width":1024,"height":768},"D090B6A28E4572D56ADB47DA593B9008":{"type":"texture","assetRequest":{"type":"slide","state":"contents","slide":"99A5FB03-DE1B-4B4A-AE6D-D0C074086E95"},"url":"assets/D090B6A28E4572D56ADB47DA593B9008.svg","width":25,"height":29},"7068F061B38F4E57292B981D5D0BCBFF":{"type":"texture","assetRequest":{"type":"slide","state":"contents","slide":"99A5FB03-DE1B-4B4A-AE6D-D0C074086E95"},"url":"assets/7068F061B38F4E57292B981D5D0BCBFF.svg","width":32,"height":24},"4EA8332E3153C8F4BDD27123EE4BCF24":{"type":"texture","assetRequest":{"type":"slide","state":"contents","slide":"99A5FB03-DE1B-4B4A-AE6D-D0C074086E95"},"url":"assets/4EA8332E3153C8F4BDD27123EE4BCF24.svg","width":24,"height":29},"3027F44EC75457231BB2251E0909E23C":{"type":"texture","assetRequest":{"type":"slide","state":"contents","slide":"99A5FB03-DE1B-4B4A-AE6D-D0C074086E95"},"url":"assets/3027F44EC75457231BB2251E0909E23C.svg","width":23,"height":30},"683FF8B23F7DE97426880B16BCA0F82A":{"type":"texture","assetRequest":{"type":"slide","state":"contents","slide":"99A5FB03-DE1B-4B4A-AE6D-D0C074086E95"},"url":"assets/683FF8B23F7DE97426880B16BCA0F82A.svg","width":32,"height":24},"3FEC86CE581CD60A6D14519AD2160D39":{"type":"texture","assetRequest":{"type":"slide","state":"contents","slide":"99A5FB03-DE1B-4B4A-AE6D-D0C074086E95"},"url":"assets/3FEC86CE581CD60A6D14519AD2160D39.svg","width":22,"height":25},"1459F4BC2285671E2BD480B70E85A1A2":{"type":"texture","assetRequest":{"type":"slide","state":"contents","slide":"99A5FB03-DE1B-4B4A-AE6D-D0C074086E95"},"url":"assets/1459F4BC2285671E2BD480B70E85A1A2.svg","width":23,"height":25},"4EE2378B36ABFF4B9C4F092BCC5C19A7":{"type":"texture","assetRequest":{"type":"slide","state":"contents","slide":"99A5FB03-DE1B-4B4A-AE6D-D0C074086E95"},"url":"assets/4EE2378B36ABFF4B9C4F092BCC5C19A7.svg","width":25,"height":29},"F8E5817D2C8B8E7211F02609DF5B2E0C":{"type":"texture","assetRequest":{"type":"slide","state":"contents","slide":"99A5FB03-DE1B-4B4A-AE6D-D0C074086E95"},"url":"assets/F8E5817D2C8B8E7211F02609DF5B2E0C.svg","width":461,"height":59},"EF648E7BBACD0D051D4F832813BBA9B1":{"type":"texture","assetRequest":{"type":"slide","state":"incoming","slide":"4D8CEEEF-60FF-489F-8404-9D69495BB971"},"url":"assets/EF648E7BBACD0D051D4F832813BBA9B1.svg","width":1024,"height":768},"C835DB7D1A6D972C018E90D92F49336E":{"type":"texture","assetRequest":{"type":"slide","state":"contents","slide":"99A5FB03-DE1B-4B4A-AE6D-D0C074086E95"},"url":"assets/C835DB7D1A6D972C018E90D92F49336E.svg","width":21,"height":25},"6D0BB00954CEB7FBEE436BB55A8397A9":{"type":"texture","assetRequest":{"type":"slide","state":"contents","slide":"99A5FB03-DE1B-4B4A-AE6D-D0C074086E95"},"url":"assets/6D0BB00954CEB7FBEE436BB55A8397A9.svg","width":5,"height":5},"BCEAB6F14D988772B7C43D986F34BDE2":{"type":"texture","assetRequest":{"type":"slide","state":"contents","slide":"99A5FB03-DE1B-4B4A-AE6D-D0C074086E95"},"url":"assets/BCEAB6F14D988772B7C43D986F34BDE2.svg","width":22,"height":25},"9B677C62622B412E74823F4E186170BC":{"type":"texture","assetRequest":{"type":"slide","state":"contents","slide":"99A5FB03-DE1B-4B4A-AE6D-D0C074086E95"},"url":"assets/9B677C62622B412E74823F4E186170BC.svg","width":19,"height":25},"9AA4A9F41B66EC39F0263B50687EF40D":{"type":"texture","assetRequest":{"type":"slide","state":"contents","slide":"99A5FB03-DE1B-4B4A-AE6D-D0C074086E95"},"url":"assets/9AA4A9F41B66EC39F0263B50687EF40D.svg","width":1024,"height":768},"578749CD7D089D57CEABE5AB22171B77":{"type":"texture","assetRequest":{"type":"slide","state":"contents","slide":"99A5FB03-DE1B-4B4A-AE6D-D0C074086E95"},"url":"assets/578749CD7D089D57CEABE5AB22171B77.svg","width":27,"height":29},"6C0694DE4462DD5092319A084D5D328D":{"type":"texture","assetRequest":{"type":"slide","state":"contents","slide":"99A5FB03-DE1B-4B4A-AE6D-D0C074086E95"},"url":"assets/6C0694DE4462DD5092319A084D5D328D.svg","width":20,"height":25},"51B5CDC7855DC589F9B02A22890BFFE7":{"type":"texture","assetRequest":{"type":"slide","state":"contents","slide":"99A5FB03-DE1B-4B4A-AE6D-D0C074086E95"},"url":"assets/51B5CDC7855DC589F9B02A22890BFFE7.svg","width":24,"height":25}},"events":[{"effects":[{"beginTime":0,"baseLayer":{"animations":[],"initialState":{"affineTransform":[1,0,0,1,0,0],"masksToBounds":false,"rotation":0,"scale":1,"position":{"pointX":492,"pointY":536},"width":367.9759979248047,"sublayerTransform":[1,0,0,0,0,1,0,0,0,0,1,0,0,0,0,1],"contentsRect":{"y":0,"x":0,"width":1,"height":1},"opacity":1,"edgeAntialiasingMask":15,"height":47.99999892711639,"hidden":false,"anchorPoint":{"pointX":0.5,"pointY":0.5}},"objectID":0,"layers":[{"animations":[],"initialState":{"affineTransform":[1,0,0,1,0,0],"masksToBounds":false,"rotation":0,"scale":1,"position":{"pointX":203.9879989624023,"pointY":-128.0000005364418},"width":367.9759979248047,"sublayerTransform":[1,0,0,0,0,1,0,0,0,0,1,-0.0004922987690640373,0,0,0,1],"contentsRect":{"y":0,"x":0,"width":1,"height":1},"opacity":1,"edgeAntialiasingMask":15,"height":47.99999892711639,"hidden":false,"anchorPoint":{"pointX":0.5543513710480839,"pointY":-2.666666737447184}},"layers":[{"animations":[{"repeatCount":0,"animations":[{"timingFunctions":[{"timingFunction":"custom","timingControlPoint1y":0,"timingControlPoint2x":0.7001510262489319,"timingControlPoint1x":0,"timingControlPoint2y":1},{"timingFunction":"custom","timingControlPoint1y":0,"timingControlPoint2x":0.6290708780288696,"timingControlPoint1x":0.2189643681049347,"timingControlPoint2y":1},{"timingFunction":"custom","timingControlPoint1y":0,"timingControlPoint2x":0.4978695213794708,"timingControlPoint1x":0.2192263752222061,"timingControlPoint2y":0.9973366260528564}],"values":[{"scalar":-339},{"scalar":23.73},{"scalar":-23.73},{"scalar":0}],"beginTime":0,"repeatCount":0,"keyTimes":[0,0.35,0.6,1],"property":"transform.translation.x","fillMode":"removed","duration":4},{"timingFunctions":[{"timingFunction":"linear"},{"timingFunction":"linear"}],"values":[{"scalar":0},{"scalar":1},{"scalar":1}],"beginTime":0,"repeatCount":0,"keyTimes":[0,0.35,1],"property":"opacity","fillMode":"both","duration":4},{"from":{"scalar":false},"beginTime":0.0001,"repeatCount":0,"fillMode":"forwards","property":"hidden","duration":3.9999,"to":{"scalar":false}}],"beginTime":1e-100,"fillMode":"both","duration":4}],"layers":[],"initialState":{"affineTransform":[1,0,0,1,0,0],"masksToBounds":false,"rotation":0,"scale":1,"position":{"pointX":16.48799896240234,"pointY":25.4999994635582},"width":25,"sublayerTransform":[1,0,0,0,0,1,0,0,0,0,1,0,0,0,0,1],"contentsRect":{"y":0,"x":0,"width":1,"height":1},"opacity":1,"edgeAntialiasingMask":0,"height":29,"hidden":true,"anchorPoint":{"pointX":0.5,"pointY":0.5}},"texture":"D090B6A28E4572D56ADB47DA593B9008"}]},{"animations":[],"initialState":{"affineTransform":[1,0,0,1,0,0],"masksToBounds":false,"rotation":0,"scale":1,"position":{"pointX":203.9879989624023,"pointY":-128.0000005364418},"width":367.9759979248047,"sublayerTransform":[1,0,0,0,0,1,0,0,0,0,1,-0.0004922987690640373,0,0,0,1],"contentsRect":{"y":0,"x":0,"width":1,"height":1},"opacity":1,"edgeAntialiasingMask":15,"height":47.99999892711639,"hidden":false,"anchorPoint":{"pointX":0.5543513710480839,"pointY":-2.666666737447184}},"layers":[{"animations":[{"repeatCount":0,"animations":[{"timingFunctions":[{"timingFunction":"custom","timingControlPoint1y":0,"timingControlPoint2x":0.7001510262489319,"timingControlPoint1x":0,"timingControlPoint2y":1},{"timingFunction":"custom","timingControlPoint1y":0,"timingControlPoint2x":0.6290708780288696,"timingControlPoint1x":0.2189643681049347,"timingControlPoint2y":1},{"timingFunction":"custom","timingControlPoint1y":0,"timingControlPoint2x":0.4978695213794708,"timingControlPoint1x":0.2192263752222061,"timingControlPoint2y":0.9973366260528564}],"values":[{"scalar":-303},{"scalar":21.21},{"scalar":-21.21},{"scalar":0}],"beginTime":0,"repeatCount":0,"keyTimes":[0,0.35,0.6,1],"property":"transform.translation.x","fillMode":"removed","duration":4},{"timingFunctions":[{"timingFunction":"linear"},{"timingFunction":"linear"}],"values":[{"scalar":0},{"scalar":1},{"scalar":1}],"beginTime":0,"repeatCount":0,"keyTimes":[0,0.35,1],"property":"opacity","fillMode":"both","duration":4},{"from":{"scalar":false},"beginTime":0.0001,"repeatCount":0,"fillMode":"forwards","property":"hidden","duration":3.9999,"to":{"scalar":false}}],"beginTime":1e-100,"fillMode":"both","duration":4}],"layers":[],"initialState":{"affineTransform":[1,0,0,1,0,0],"masksToBounds":false,"rotation":0,"scale":1,"position":{"pointX":34.48799896240234,"pointY":27.4999994635582},"width":21,"sublayerTransform":[1,0,0,0,0,1,0,0,0,0,1,0,0,0,0,1],"contentsRect":{"y":0,"x":0,"width":1,"height":1},"opacity":1,"edgeAntialiasingMask":0,"height":25,"hidden":true,"anchorPoint":{"pointX":0.5,"pointY":0.5}},"texture":"C835DB7D1A6D972C018E90D92F49336E"}]},{"animations":[],"initialState":{"affineTransform":[1,0,0,1,0,0],"masksToBounds":false,"rotation":0,"scale":1,"position":{"pointX":203.9879989624023,"pointY":-128.0000005364418},"width":367.9759979248047,"sublayerTransform":[1,0,0,0,0,1,0,0,0,0,1,-0.0004922987690640373,0,0,0,1],"contentsRect":{"y":0,"x":0,"width":1,"height":1},"opacity":1,"edgeAntialiasingMask":15,"height":47.99999892711639,"hidden":false,"anchorPoint":{"pointX":0.5543513710480839,"pointY":-2.666666737447184}},"layers":[{"animations":[{"repeatCount":0,"animations":[{"timingFunctions":[{"timingFunction":"custom","timingControlPoint1y":0,"timingControlPoint2x":0.7001510262489319,"timingControlPoint1x":0,"timingControlPoint2y":1},{"timingFunction":"custom","timingControlPoint1y":0,"timingControlPoint2x":0.6290708780288696,"timingControlPoint1x":0.2189643681049347,"timingControlPoint2y":1},{"timingFunction":"custom","timingControlPoint1y":0,"timingControlPoint2x":0.4978695213794708,"timingControlPoint1x":0.2192263752222061,"timingControlPoint2y":0.9973366260528564}],"values":[{"scalar":-272},{"scalar":19.04},{"scalar":-19.04},{"scalar":0}],"beginTime":0,"repeatCount":0,"keyTimes":[0,0.35,0.6,1],"property":"transform.translation.x","fillMode":"removed","duration":4},{"timingFunctions":[{"timingFunction":"linear"},{"timingFunction":"linear"}],"values":[{"scalar":0},{"scalar":1},{"scalar":1}],"beginTime":0,"repeatCount":0,"keyTimes":[0,0.35,1],"property":"opacity","fillMode":"both","duration":4},{"from":{"scalar":false},"beginTime":0.0001,"repeatCount":0,"fillMode":"forwards","property":"hidden","duration":3.9999,"to":{"scalar":false}}],"beginTime":1e-100,"fillMode":"both","duration":4}],"layers":[],"initialState":{"affineTransform":[1,0,0,1,0,0],"masksToBounds":false,"rotation":0,"scale":1,"position":{"pointX":49.98799896240234,"pointY":27.4999994635582},"width":22,"sublayerTransform":[1,0,0,0,0,1,0,0,0,0,1,0,0,0,0,1],"contentsRect":{"y":0,"x":0,"width":1,"height":1},"opacity":1,"edgeAntialiasingMask":0,"height":25,"hidden":true,"anchorPoint":{"pointX":0.5,"pointY":0.5}},"texture":"BCEAB6F14D988772B7C43D986F34BDE2"}]},{"animations":[],"initialState":{"affineTransform":[1,0,0,1,0,0],"masksToBounds":false,"rotation":0,"scale":1,"position":{"pointX":203.9879989624023,"pointY":-128.0000005364418},"width":367.9759979248047,"sublayerTransform":[1,0,0,0,0,1,0,0,0,0,1,-0.0004922987690640373,0,0,0,1],"contentsRect":{"y":0,"x":0,"width":1,"height":1},"opacity":1,"edgeAntialiasingMask":15,"height":47.99999892711639,"hidden":false,"anchorPoint":{"pointX":0.5543513710480839,"pointY":-2.666666737447184}},"layers":[{"animations":[{"repeatCount":0,"animations":[{"timingFunctions":[{"timingFunction":"custom","timingControlPoint1y":0,"timingControlPoint2x":0.7001510262489319,"timingControlPoint1x":0,"timingControlPoint2y":1},{"timingFunction":"custom","timingControlPoint1y":0,"timingControlPoint2x":0.6290708780288696,"timingControlPoint1x":0.2189643681049347,"timingControlPoint2y":1},{"timingFunction":"custom","timingControlPoint1y":0,"timingControlPoint2x":0.4978695213794708,"timingControlPoint1x":0.2192263752222061,"timingControlPoint2y":0.9973366260528564}],"values":[{"scalar":-257},{"scalar":17.99},{"scalar":-17.99},{"scalar":0}],"beginTime":0,"repeatCount":0,"keyTimes":[0,0.35,0.6,1],"property":"transform.translation.x","fillMode":"removed","duration":4},{"timingFunctions":[{"timingFunction":"linear"},{"timingFunction":"linear"}],"values":[{"scalar":0},{"scalar":1},{"scalar":1}],"beginTime":0,"repeatCount":0,"keyTimes":[0,0.35,1],"property":"opacity","fillMode":"both","duration":4},{"from":{"scalar":false},"beginTime":0.0001,"repeatCount":0,"fillMode":"forwards","property":"hidden","duration":3.9999,"to":{"scalar":false}}],"beginTime":1e-100,"fillMode":"both","duration":4}],"layers":[],"initialState":{"affineTransform":[1,0,0,1,0,0],"masksToBounds":false,"rotation":0,"scale":1,"position":{"pointX":57.48799896240234,"pointY":35.4999994635582},"width":5,"sublayerTransform":[1,0,0,0,0,1,0,0,0,0,1,0,0,0,0,1],"contentsRect":{"y":0,"x":0,"width":1,"height":1},"opacity":1,"edgeAntialiasingMask":0,"height":5,"hidden":true,"anchorPoint":{"pointX":0.5,"pointY":0.5}},"texture":"6D0BB00954CEB7FBEE436BB55A8397A9"}]},{"animations":[],"initialState":{"affineTransform":[1,0,0,1,0,0],"masksToBounds":false,"rotation":0,"scale":1,"position":{"pointX":203.9879989624023,"pointY":-128.0000005364418},"width":367.9759979248047,"sublayerTransform":[1,0,0,0,0,1,0,0,0,0,1,-0.0004922987690640373,0,0,0,1],"contentsRect":{"y":0,"x":0,"width":1,"height":1},"opacity":1,"edgeAntialiasingMask":15,"height":47.99999892711639,"hidden":false,"anchorPoint":{"pointX":0.5543513710480839,"pointY":-2.666666737447184}},"layers":[{"animations":[{"repeatCount":0,"animations":[{"timingFunctions":[{"timingFunction":"custom","timingControlPoint1y":0,"timingControlPoint2x":0.7001510262489319,"timingControlPoint1x":0,"timingControlPoint2y":1},{"timingFunction":"custom","timingControlPoint1y":0,"timingControlPoint2x":0.6290708780288696,"timingControlPoint1x":0.2189643681049347,"timingControlPoint2y":1},{"timingFunction":"custom","timingControlPoint1y":0,"timingControlPoint2x":0.4978695213794708,"timingControlPoint1x":0.2192263752222061,"timingControlPoint2y":0.9973366260528564}],"values":[{"scalar":-220},{"scalar":15.4},{"scalar":-15.4},{"scalar":0}],"beginTime":0,"repeatCount":0,"keyTimes":[0,0.35,0.6,1],"property":"transform.translation.x","fillMode":"removed","duration":4},{"timingFunctions":[{"timingFunction":"linear"},{"timingFunction":"linear"}],"values":[{"scalar":0},{"scalar":1},{"scalar":1}],"beginTime":0,"repeatCount":0,"keyTimes":[0,0.35,1],"property":"opacity","fillMode":"both","duration":4},{"from":{"scalar":false},"beginTime":0.0001,"repeatCount":0,"fillMode":"forwards","property":"hidden","duration":3.9999,"to":{"scalar":false}}],"beginTime":1e-100,"fillMode":"both","duration":4}],"layers":[],"initialState":{"affineTransform":[1,0,0,1,0,0],"masksToBounds":false,"rotation":0,"scale":1,"position":{"pointX":75.98799896240234,"pointY":25.4999994635582},"width":24,"sublayerTransform":[1,0,0,0,0,1,0,0,0,0,1,0,0,0,0,1],"contentsRect":{"y":0,"x":0,"width":1,"height":1},"opacity":1,"edgeAntialiasingMask":0,"height":29,"hidden":true,"anchorPoint":{"pointX":0.5,"pointY":0.5}},"texture":"4EA8332E3153C8F4BDD27123EE4BCF24"}]},{"animations":[],"initialState":{"affineTransform":[1,0,0,1,0,0],"masksToBounds":false,"rotation":0,"scale":1,"position":{"pointX":203.9879989624023,"pointY":-128.0000005364418},"width":367.9759979248047,"sublayerTransform":[1,0,0,0,0,1,0,0,0,0,1,-0.0004922987690640373,0,0,0,1],"contentsRect":{"y":0,"x":0,"width":1,"height":1},"opacity":1,"edgeAntialiasingMask":15,"height":47.99999892711639,"hidden":false,"anchorPoint":{"pointX":0.5543513710480839,"pointY":-2.666666737447184}},"layers":[{"animations":[{"repeatCount":0,"animations":[{"timingFunctions":[{"timingFunction":"custom","timingControlPoint1y":0,"timingControlPoint2x":0.7001510262489319,"timingControlPoint1x":0,"timingControlPoint2y":1},{"timingFunction":"custom","timingControlPoint1y":0,"timingControlPoint2x":0.6290708780288696,"timingControlPoint1x":0.2189643681049347,"timingControlPoint2y":1},{"timingFunction":"custom","timingControlPoint1y":0,"timingControlPoint2x":0.4978695213794708,"timingControlPoint1x":0.2192263752222061,"timingControlPoint2y":0.9973366260528564}],"values":[{"scalar":-182},{"scalar":12.74},{"scalar":-12.74},{"scalar":0}],"beginTime":0,"repeatCount":0,"keyTimes":[0,0.35,0.6,1],"property":"transform.translation.x","fillMode":"removed","duration":4},{"timingFunctions":[{"timingFunction":"linear"},{"timingFunction":"linear"}],"values":[{"scalar":0},{"scalar":1},{"scalar":1}],"beginTime":0,"repeatCount":0,"keyTimes":[0,0.35,1],"property":"opacity","fillMode":"both","duration":4},{"from":{"scalar":false},"beginTime":0.0001,"repeatCount":0,"fillMode":"forwards","property":"hidden","duration":3.9999,"to":{"scalar":false}}],"beginTime":1e-100,"fillMode":"both","duration":4}],"layers":[],"initialState":{"affineTransform":[1,0,0,1,0,0],"masksToBounds":false,"rotation":0,"scale":1,"position":{"pointX":94.98799896240234,"pointY":27.4999994635582},"width":24,"sublayerTransform":[1,0,0,0,0,1,0,0,0,0,1,0,0,0,0,1],"contentsRect":{"y":0,"x":0,"width":1,"height":1},"opacity":1,"edgeAntialiasingMask":0,"height":25,"hidden":true,"anchorPoint":{"pointX":0.5,"pointY":0.5}},"texture":"376D91BF7437AD5FB97B5A9D7DA344A1"}]},{"animations":[],"initialState":{"affineTransform":[1,0,0,1,0,0],"masksToBounds":false,"rotation":0,"scale":1,"position":{"pointX":203.9879989624023,"pointY":-128.0000005364418},"width":367.9759979248047,"sublayerTransform":[1,0,0,0,0,1,0,0,0,0,1,-0.0004922987690640373,0,0,0,1],"contentsRect":{"y":0,"x":0,"width":1,"height":1},"opacity":1,"edgeAntialiasingMask":15,"height":47.99999892711639,"hidden":false,"anchorPoint":{"pointX":0.5543513710480839,"pointY":-2.666666737447184}},"layers":[{"animations":[{"repeatCount":0,"animations":[{"timingFunctions":[{"timingFunction":"custom","timingControlPoint1y":0,"timingControlPoint2x":0.7001510262489319,"timingControlPoint1x":0,"timingControlPoint2y":1},{"timingFunction":"custom","timingControlPoint1y":0,"timingControlPoint2x":0.6290708780288696,"timingControlPoint1x":0.2189643681049347,"timingControlPoint2y":1},{"timingFunction":"custom","timingControlPoint1y":0,"timingControlPoint2x":0.4978695213794708,"timingControlPoint1x":0.2192263752222061,"timingControlPoint2y":0.9973366260528564}],"values":[{"scalar":-140},{"scalar":9.800000000000001},{"scalar":-9.800000000000001},{"scalar":0}],"beginTime":0,"repeatCount":0,"keyTimes":[0,0.35,0.6,1],"property":"transform.translation.x","fillMode":"removed","duration":4},{"timingFunctions":[{"timingFunction":"linear"},{"timingFunction":"linear"}],"values":[{"scalar":0},{"scalar":1},{"scalar":1}],"beginTime":0,"repeatCount":0,"keyTimes":[0,0.35,1],"property":"opacity","fillMode":"both","duration":4},{"from":{"scalar":false},"beginTime":0.0001,"repeatCount":0,"fillMode":"forwards","property":"hidden","duration":3.9999,"to":{"scalar":false}}],"beginTime":1e-100,"fillMode":"both","duration":4}],"layers":[],"initialState":{"affineTransform":[1,0,0,1,0,0],"masksToBounds":false,"rotation":0,"scale":1,"position":{"pointX":115.9879989624023,"pointY":27.9999994635582},"width":32,"sublayerTransform":[1,0,0,0,0,1,0,0,0,0,1,0,0,0,0,1],"contentsRect":{"y":0,"x":0,"width":1,"height":1},"opacity":1,"edgeAntialiasingMask":0,"height":24,"hidden":true,"anchorPoint":{"pointX":0.5,"pointY":0.5}},"texture":"683FF8B23F7DE97426880B16BCA0F82A"}]},{"animations":[],"initialState":{"affineTransform":[1,0,0,1,0,0],"masksToBounds":false,"rotation":0,"scale":1,"position":{"pointX":203.9879989624023,"pointY":-128.0000005364418},"width":367.9759979248047,"sublayerTransform":[1,0,0,0,0,1,0,0,0,0,1,-0.0004922987690640373,0,0,0,1],"contentsRect":{"y":0,"x":0,"width":1,"height":1},"opacity":1,"edgeAntialiasingMask":15,"height":47.99999892711639,"hidden":false,"anchorPoint":{"pointX":0.5543513710480839,"pointY":-2.666666737447184}},"layers":[{"animations":[{"repeatCount":0,"animations":[{"timingFunctions":[{"timingFunction":"custom","timingControlPoint1y":0,"timingControlPoint2x":0.7001510262489319,"timingControlPoint1x":0,"timingControlPoint2y":1},{"timingFunction":"custom","timingControlPoint1y":0,"timingControlPoint2x":0.6290708780288696,"timingControlPoint1x":0.2189643681049347,"timingControlPoint2y":1},{"timingFunction":"custom","timingControlPoint1y":0,"timingControlPoint2x":0.4978695213794708,"timingControlPoint1x":0.2192263752222061,"timingControlPoint2y":0.9973366260528564}],"values":[{"scalar":-95},{"scalar":6.65},{"scalar":-6.65},{"scalar":0}],"beginTime":0,"repeatCount":0,"keyTimes":[0,0.35,0.6,1],"property":"transform.translation.x","fillMode":"removed","duration":4},{"timingFunctions":[{"timingFunction":"linear"},{"timingFunction":"linear"}],"values":[{"scalar":0},{"scalar":1},{"scalar":1}],"beginTime":0,"repeatCount":0,"keyTimes":[0,0.35,1],"property":"opacity","fillMode":"both","duration":4},{"from":{"scalar":false},"beginTime":0.0001,"repeatCount":0,"fillMode":"forwards","property":"hidden","duration":3.9999,"to":{"scalar":false}}],"beginTime":1e-100,"fillMode":"both","duration":4}],"layers":[],"initialState":{"affineTransform":[1,0,0,1,0,0],"masksToBounds":false,"rotation":0,"scale":1,"position":{"pointX":138.4879989624023,"pointY":27.4999994635582},"width":23,"sublayerTransform":[1,0,0,0,0,1,0,0,0,0,1,0,0,0,0,1],"contentsRect":{"y":0,"x":0,"width":1,"height":1},"opacity":1,"edgeAntialiasingMask":0,"height":25,"hidden":true,"anchorPoint":{"pointX":0.5,"pointY":0.5}},"texture":"1459F4BC2285671E2BD480B70E85A1A2"}]},{"animations":[],"initialState":{"affineTransform":[1,0,0,1,0,0],"masksToBounds":false,"rotation":0,"scale":1,"position":{"pointX":203.9879989624023,"pointY":-128.0000005364418},"width":367.9759979248047,"sublayerTransform":[1,0,0,0,0,1,0,0,0,0,1,-0.0004922987690640373,0,0,0,1],"contentsRect":{"y":0,"x":0,"width":1,"height":1},"opacity":1,"edgeAntialiasingMask":15,"height":47.99999892711639,"hidden":false,"anchorPoint":{"pointX":0.5543513710480839,"pointY":-2.666666737447184}},"layers":[{"animations":[{"repeatCount":0,"animations":[{"timingFunctions":[{"timingFunction":"custom","timingControlPoint1y":0,"timingControlPoint2x":0.7001510262489319,"timingControlPoint1x":0,"timingControlPoint2y":1},{"timingFunction":"custom","timingControlPoint1y":0,"timingControlPoint2x":0.6290708780288696,"timingControlPoint1x":0.2189643681049347,"timingControlPoint2y":1},{"timingFunction":"custom","timingControlPoint1y":0,"timingControlPoint2x":0.4978695213794708,"timingControlPoint1x":0.2192263752222061,"timingControlPoint2y":0.9973366260528564}],"values":[{"scalar":-77},{"scalar":5.390000000000001},{"scalar":-5.390000000000001},{"scalar":0}],"beginTime":0,"repeatCount":0,"keyTimes":[0,0.35,0.6,1],"property":"transform.translation.x","fillMode":"removed","duration":4},{"timingFunctions":[{"timingFunction":"linear"},{"timingFunction":"linear"}],"values":[{"scalar":0},{"scalar":1},{"scalar":1}],"beginTime":0,"repeatCount":0,"keyTimes":[0,0.35,1],"property":"opacity","fillMode":"both","duration":4},{"from":{"scalar":false},"beginTime":0.0001,"repeatCount":0,"fillMode":"forwards","property":"hidden","duration":3.9999,"to":{"scalar":false}}],"beginTime":1e-100,"fillMode":"both","duration":4}],"layers":[],"initialState":{"affineTransform":[1,0,0,1,0,0],"masksToBounds":false,"rotation":0,"scale":1,"position":{"pointX":147.4879989624023,"pointY":35.4999994635582},"width":5,"sublayerTransform":[1,0,0,0,0,1,0,0,0,0,1,0,0,0,0,1],"contentsRect":{"y":0,"x":0,"width":1,"height":1},"opacity":1,"edgeAntialiasingMask":0,"height":5,"hidden":true,"anchorPoint":{"pointX":0.5,"pointY":0.5}},"texture":"6D0BB00954CEB7FBEE436BB55A8397A9"}]},{"animations":[],"initialState":{"affineTransform":[1,0,0,1,0,0],"masksToBounds":false,"rotation":0,"scale":1,"position":{"pointX":203.9879989624023,"pointY":-128.0000005364418},"width":367.9759979248047,"sublayerTransform":[1,0,0,0,0,1,0,0,0,0,1,-0.0004922987690640373,0,0,0,1],"contentsRect":{"y":0,"x":0,"width":1,"height":1},"opacity":1,"edgeAntialiasingMask":15,"height":47.99999892711639,"hidden":false,"anchorPoint":{"pointX":0.5543513710480839,"pointY":-2.666666737447184}},"layers":[{"animations":[{"repeatCount":0,"animations":[{"timingFunctions":[{"timingFunction":"custom","timingControlPoint1y":0,"timingControlPoint2x":0.7001510262489319,"timingControlPoint1x":0,"timingControlPoint2y":1},{"timingFunction":"custom","timingControlPoint1y":0,"timingControlPoint2x":0.6290708780288696,"timingControlPoint1x":0.2189643681049347,"timingControlPoint2y":1},{"timingFunction":"custom","timingControlPoint1y":0,"timingControlPoint2x":0.4978695213794708,"timingControlPoint1x":0.2192263752222061,"timingControlPoint2y":0.9973366260528564}],"values":[{"scalar":-46},{"scalar":3.22},{"scalar":-3.22},{"scalar":0}],"beginTime":0,"repeatCount":0,"keyTimes":[0,0.35,0.6,1],"property":"transform.translation.x","fillMode":"removed","duration":4},{"timingFunctions":[{"timingFunction":"linear"},{"timingFunction":"linear"}],"values":[{"scalar":0},{"scalar":1},{"scalar":1}],"beginTime":0,"repeatCount":0,"keyTimes":[0,0.35,1],"property":"opacity","fillMode":"both","duration":4},{"from":{"scalar":false},"beginTime":0.0001,"repeatCount":0,"fillMode":"forwards","property":"hidden","duration":3.9999,"to":{"scalar":false}}],"beginTime":1e-100,"fillMode":"both","duration":4}],"layers":[],"initialState":{"affineTransform":[1,0,0,1,0,0],"masksToBounds":false,"rotation":0,"scale":1,"position":{"pointX":162.9879989624023,"pointY":27.4999994635582},"width":22,"sublayerTransform":[1,0,0,0,0,1,0,0,0,0,1,0,0,0,0,1],"contentsRect":{"y":0,"x":0,"width":1,"height":1},"opacity":1,"edgeAntialiasingMask":0,"height":25,"hidden":true,"anchorPoint":{"pointX":0.5,"pointY":0.5}},"texture":"3FEC86CE581CD60A6D14519AD2160D39"}]},{"animations":[],"initialState":{"affineTransform":[1,0,0,1,0,0],"masksToBounds":false,"rotation":0,"scale":1,"position":{"pointX":203.9879989624023,"pointY":-128.0000005364418},"width":367.9759979248047,"sublayerTransform":[1,0,0,0,0,1,0,0,0,0,1,-0.0004922987690640373,0,0,0,1],"contentsRect":{"y":0,"x":0,"width":1,"height":1},"opacity":1,"edgeAntialiasingMask":15,"height":47.99999892711639,"hidden":false,"anchorPoint":{"pointX":0.5543513710480839,"pointY":-2.666666737447184}},"layers":[{"animations":[{"repeatCount":0,"animations":[{"timingFunctions":[{"timingFunction":"custom","timingControlPoint1y":0,"timingControlPoint2x":0.7001510262489319,"timingControlPoint1x":0,"timingControlPoint2y":1},{"timingFunction":"custom","timingControlPoint1y":0,"timingControlPoint2x":0.6290708780288696,"timingControlPoint1x":0.2189643681049347,"timingControlPoint2y":1},{"timingFunction":"custom","timingControlPoint1y":0,"timingControlPoint2x":0.4978695213794708,"timingControlPoint1x":0.2192263752222061,"timingControlPoint2y":0.9973366260528564}],"values":[{"scalar":-11},{"scalar":0.77},{"scalar":-0.77},{"scalar":0}],"beginTime":0,"repeatCount":0,"keyTimes":[0,0.35,0.6,1],"property":"transform.translation.x","fillMode":"removed","duration":4},{"timingFunctions":[{"timingFunction":"linear"},{"timingFunction":"linear"}],"values":[{"scalar":0},{"scalar":1},{"scalar":1}],"beginTime":0,"repeatCount":0,"keyTimes":[0,0.35,1],"property":"opacity","fillMode":"both","duration":4},{"from":{"scalar":false},"beginTime":0.0001,"repeatCount":0,"fillMode":"forwards","property":"hidden","duration":3.9999,"to":{"scalar":false}}],"beginTime":1e-100,"fillMode":"both","duration":4}],"layers":[],"initialState":{"affineTransform":[1,0,0,1,0,0],"masksToBounds":false,"rotation":0,"scale":1,"position":{"pointX":180.4879989624023,"pointY":27.4999994635582},"width":23,"sublayerTransform":[1,0,0,0,0,1,0,0,0,0,1,0,0,0,0,1],"contentsRect":{"y":0,"x":0,"width":1,"height":1},"opacity":1,"edgeAntialiasingMask":0,"height":25,"hidden":true,"anchorPoint":{"pointX":0.5,"pointY":0.5}},"texture":"8A17BB153A80D6087801DFEF437C463A"}]},{"animations":[],"initialState":{"affineTransform":[1,0,0,1,0,0],"masksToBounds":false,"rotation":0,"scale":1,"position":{"pointX":203.9879989624023,"pointY":-128.0000005364418},"width":367.9759979248047,"sublayerTransform":[1,0,0,0,0,1,0,0,0,0,1,-0.0004922987690640373,0,0,0,1],"contentsRect":{"y":0,"x":0,"width":1,"height":1},"opacity":1,"edgeAntialiasingMask":15,"height":47.99999892711639,"hidden":false,"anchorPoint":{"pointX":0.5543513710480839,"pointY":-2.666666737447184}},"layers":[{"animations":[{"repeatCount":0,"animations":[{"timingFunctions":[{"timingFunction":"custom","timingControlPoint1y":0,"timingControlPoint2x":0.7001510262489319,"timingControlPoint1x":0,"timingControlPoint2y":1},{"timingFunction":"custom","timingControlPoint1y":0,"timingControlPoint2x":0.6290708780288696,"timingControlPoint1x":0.2189643681049347,"timingControlPoint2y":1},{"timingFunction":"custom","timingControlPoint1y":0,"timingControlPoint2x":0.4978695213794708,"timingControlPoint1x":0.2192263752222061,"timingControlPoint2y":0.9973366260528564}],"values":[{"scalar":26},{"scalar":-1.82},{"scalar":1.82},{"scalar":0}],"beginTime":0,"repeatCount":0,"keyTimes":[0,0.35,0.6,1],"property":"transform.translation.x","fillMode":"removed","duration":4},{"timingFunctions":[{"timingFunction":"linear"},{"timingFunction":"linear"}],"values":[{"scalar":0},{"scalar":1},{"scalar":1}],"beginTime":0,"repeatCount":0,"keyTimes":[0,0.35,1],"property":"opacity","fillMode":"both","duration":4},{"from":{"scalar":false},"beginTime":0.0001,"repeatCount":0,"fillMode":"forwards","property":"hidden","duration":3.9999,"to":{"scalar":false}}],"beginTime":1e-100,"fillMode":"both","duration":4}],"layers":[],"initialState":{"affineTransform":[1,0,0,1,0,0],"masksToBounds":false,"rotation":0,"scale":1,"position":{"pointX":198.9879989624023,"pointY":24.4999994635582},"width":24,"sublayerTransform":[1,0,0,0,0,1,0,0,0,0,1,0,0,0,0,1],"contentsRect":{"y":0,"x":0,"width":1,"height":1},"opacity":1,"edgeAntialiasingMask":0,"height":31,"hidden":true,"anchorPoint":{"pointX":0.5,"pointY":0.5}},"texture":"944899B56498238E4AE106BB106C8060"}]},{"animations":[],"initialState":{"affineTransform":[1,0,0,1,0,0],"masksToBounds":false,"rotation":0,"scale":1,"position":{"pointX":203.9879989624023,"pointY":-128.0000005364418},"width":367.9759979248047,"sublayerTransform":[1,0,0,0,0,1,0,0,0,0,1,-0.0004922987690640373,0,0,0,1],"contentsRect":{"y":0,"x":0,"width":1,"height":1},"opacity":1,"edgeAntialiasingMask":15,"height":47.99999892711639,"hidden":false,"anchorPoint":{"pointX":0.5543513710480839,"pointY":-2.666666737447184}},"layers":[{"animations":[{"repeatCount":0,"animations":[{"timingFunctions":[{"timingFunction":"custom","timingControlPoint1y":0,"timingControlPoint2x":0.7001510262489319,"timingControlPoint1x":0,"timingControlPoint2y":1},{"timingFunction":"custom","timingControlPoint1y":0,"timingControlPoint2x":0.6290708780288696,"timingControlPoint1x":0.2189643681049347,"timingControlPoint2y":1},{"timingFunction":"custom","timingControlPoint1y":0,"timingControlPoint2x":0.4978695213794708,"timingControlPoint1x":0.2192263752222061,"timingControlPoint2y":0.9973366260528564}],"values":[{"scalar":45},{"scalar":-3.15},{"scalar":3.15},{"scalar":0}],"beginTime":0,"repeatCount":0,"keyTimes":[0,0.35,0.6,1],"property":"transform.translation.x","fillMode":"removed","duration":4},{"timingFunctions":[{"timingFunction":"linear"},{"timingFunction":"linear"}],"values":[{"scalar":0},{"scalar":1},{"scalar":1}],"beginTime":0,"repeatCount":0,"keyTimes":[0,0.35,1],"property":"opacity","fillMode":"both","duration":4},{"from":{"scalar":false},"beginTime":0.0001,"repeatCount":0,"fillMode":"forwards","property":"hidden","duration":3.9999,"to":{"scalar":false}}],"beginTime":1e-100,"fillMode":"both","duration":4}],"layers":[],"initialState":{"affineTransform":[1,0,0,1,0,0],"masksToBounds":false,"rotation":0,"scale":1,"position":{"pointX":208.4879989624023,"pointY":35.4999994635582},"width":5,"sublayerTransform":[1,0,0,0,0,1,0,0,0,0,1,0,0,0,0,1],"contentsRect":{"y":0,"x":0,"width":1,"height":1},"opacity":1,"edgeAntialiasingMask":0,"height":5,"hidden":true,"anchorPoint":{"pointX":0.5,"pointY":0.5}},"texture":"6D0BB00954CEB7FBEE436BB55A8397A9"}]},{"animations":[],"initialState":{"affineTransform":[1,0,0,1,0,0],"masksToBounds":false,"rotation":0,"scale":1,"position":{"pointX":203.9879989624023,"pointY":-128.0000005364418},"width":367.9759979248047,"sublayerTransform":[1,0,0,0,0,1,0,0,0,0,1,-0.0004922987690640373,0,0,0,1],"contentsRect":{"y":0,"x":0,"width":1,"height":1},"opacity":1,"edgeAntialiasingMask":15,"height":47.99999892711639,"hidden":false,"anchorPoint":{"pointX":0.5543513710480839,"pointY":-2.666666737447184}},"layers":[{"animations":[{"repeatCount":0,"animations":[{"timingFunctions":[{"timingFunction":"custom","timingControlPoint1y":0,"timingControlPoint2x":0.7001510262489319,"timingControlPoint1x":0,"timingControlPoint2y":1},{"timingFunction":"custom","timingControlPoint1y":0,"timingControlPoint2x":0.6290708780288696,"timingControlPoint1x":0.2189643681049347,"timingControlPoint2y":1},{"timingFunction":"custom","timingControlPoint1y":0,"timingControlPoint2x":0.4978695213794708,"timingControlPoint1x":0.2192263752222061,"timingControlPoint2y":0.9973366260528564}],"values":[{"scalar":81},{"scalar":-5.670000000000001},{"scalar":5.670000000000001},{"scalar":0}],"beginTime":0,"repeatCount":0,"keyTimes":[0,0.35,0.6,1],"property":"transform.translation.x","fillMode":"removed","duration":4},{"timingFunctions":[{"timingFunction":"linear"},{"timingFunction":"linear"}],"values":[{"scalar":0},{"scalar":1},{"scalar":1}],"beginTime":0,"repeatCount":0,"keyTimes":[0,0.35,1],"property":"opacity","fillMode":"both","duration":4},{"from":{"scalar":false},"beginTime":0.0001,"repeatCount":0,"fillMode":"forwards","property":"hidden","duration":3.9999,"to":{"scalar":false}}],"beginTime":1e-100,"fillMode":"both","duration":4}],"layers":[],"initialState":{"affineTransform":[1,0,0,1,0,0],"masksToBounds":false,"rotation":0,"scale":1,"position":{"pointX":226.4879989624023,"pointY":25.4999994635582},"width":25,"sublayerTransform":[1,0,0,0,0,1,0,0,0,0,1,0,0,0,0,1],"contentsRect":{"y":0,"x":0,"width":1,"height":1},"opacity":1,"edgeAntialiasingMask":0,"height":29,"hidden":true,"anchorPoint":{"pointX":0.5,"pointY":0.5}},"texture":"4EE2378B36ABFF4B9C4F092BCC5C19A7"}]},{"animations":[],"initialState":{"affineTransform":[1,0,0,1,0,0],"masksToBounds":false,"rotation":0,"scale":1,"position":{"pointX":203.9879989624023,"pointY":-128.0000005364418},"width":367.9759979248047,"sublayerTransform":[1,0,0,0,0,1,0,0,0,0,1,-0.0004922987690640373,0,0,0,1],"contentsRect":{"y":0,"x":0,"width":1,"height":1},"opacity":1,"edgeAntialiasingMask":15,"height":47.99999892711639,"hidden":false,"anchorPoint":{"pointX":0.5543513710480839,"pointY":-2.666666737447184}},"layers":[{"animations":[{"repeatCount":0,"animations":[{"timingFunctions":[{"timingFunction":"custom","timingControlPoint1y":0,"timingControlPoint2x":0.7001510262489319,"timingControlPoint1x":0,"timingControlPoint2y":1},{"timingFunction":"custom","timingControlPoint1y":0,"timingControlPoint2x":0.6290708780288696,"timingControlPoint1x":0.2189643681049347,"timingControlPoint2y":1},{"timingFunction":"custom","timingControlPoint1y":0,"timingControlPoint2x":0.4978695213794708,"timingControlPoint1x":0.2192263752222061,"timingControlPoint2y":0.9973366260528564}],"values":[{"scalar":121},{"scalar":-8.470000000000001},{"scalar":8.470000000000001},{"scalar":0}],"beginTime":0,"repeatCount":0,"keyTimes":[0,0.35,0.6,1],"property":"transform.translation.x","fillMode":"removed","duration":4},{"timingFunctions":[{"timingFunction":"linear"},{"timingFunction":"linear"}],"values":[{"scalar":0},{"scalar":1},{"scalar":1}],"beginTime":0,"repeatCount":0,"keyTimes":[0,0.35,1],"property":"opacity","fillMode":"both","duration":4},{"from":{"scalar":false},"beginTime":0.0001,"repeatCount":0,"fillMode":"forwards","property":"hidden","duration":3.9999,"to":{"scalar":false}}],"beginTime":1e-100,"fillMode":"both","duration":4}],"layers":[],"initialState":{"affineTransform":[1,0,0,1,0,0],"masksToBounds":false,"rotation":0,"scale":1,"position":{"pointX":246.4879989624023,"pointY":29.9999994635582},"width":23,"sublayerTransform":[1,0,0,0,0,1,0,0,0,0,1,0,0,0,0,1],"contentsRect":{"y":0,"x":0,"width":1,"height":1},"opacity":1,"edgeAntialiasingMask":0,"height":30,"hidden":true,"anchorPoint":{"pointX":0.5,"pointY":0.5}},"texture":"3027F44EC75457231BB2251E0909E23C"}]},{"animations":[],"initialState":{"affineTransform":[1,0,0,1,0,0],"masksToBounds":false,"rotation":0,"scale":1,"position":{"pointX":203.9879989624023,"pointY":-128.0000005364418},"width":367.9759979248047,"sublayerTransform":[1,0,0,0,0,1,0,0,0,0,1,-0.0004922987690640373,0,0,0,1],"contentsRect":{"y":0,"x":0,"width":1,"height":1},"opacity":1,"edgeAntialiasingMask":15,"height":47.99999892711639,"hidden":false,"anchorPoint":{"pointX":0.5543513710480839,"pointY":-2.666666737447184}},"layers":[{"animations":[{"repeatCount":0,"animations":[{"timingFunctions":[{"timingFunction":"custom","timingControlPoint1y":0,"timingControlPoint2x":0.7001510262489319,"timingControlPoint1x":0,"timingControlPoint2y":1},{"timingFunction":"custom","timingControlPoint1y":0,"timingControlPoint2x":0.6290708780288696,"timingControlPoint1x":0.2189643681049347,"timingControlPoint2y":1},{"timingFunction":"custom","timingControlPoint1y":0,"timingControlPoint2x":0.4978695213794708,"timingControlPoint1x":0.2192263752222061,"timingControlPoint2y":0.9973366260528564}],"values":[{"scalar":139},{"scalar":-9.73},{"scalar":9.73},{"scalar":0}],"beginTime":0,"repeatCount":0,"keyTimes":[0,0.35,0.6,1],"property":"transform.translation.x","fillMode":"removed","duration":4},{"timingFunctions":[{"timingFunction":"linear"},{"timingFunction":"linear"}],"values":[{"scalar":0},{"scalar":1},{"scalar":1}],"beginTime":0,"repeatCount":0,"keyTimes":[0,0.35,1],"property":"opacity","fillMode":"both","duration":4},{"from":{"scalar":false},"beginTime":0.0001,"repeatCount":0,"fillMode":"forwards","property":"hidden","duration":3.9999,"to":{"scalar":false}}],"beginTime":1e-100,"fillMode":"both","duration":4}],"layers":[],"initialState":{"affineTransform":[1,0,0,1,0,0],"masksToBounds":false,"rotation":0,"scale":1,"position":{"pointX":255.4879989624023,"pointY":35.4999994635582},"width":5,"sublayerTransform":[1,0,0,0,0,1,0,0,0,0,1,0,0,0,0,1],"contentsRect":{"y":0,"x":0,"width":1,"height":1},"opacity":1,"edgeAntialiasingMask":0,"height":5,"hidden":true,"anchorPoint":{"pointX":0.5,"pointY":0.5}},"texture":"6D0BB00954CEB7FBEE436BB55A8397A9"}]},{"animations":[],"initialState":{"affineTransform":[1,0,0,1,0,0],"masksToBounds":false,"rotation":0,"scale":1,"position":{"pointX":203.9879989624023,"pointY":-128.0000005364418},"width":367.9759979248047,"sublayerTransform":[1,0,0,0,0,1,0,0,0,0,1,-0.0004922987690640373,0,0,0,1],"contentsRect":{"y":0,"x":0,"width":1,"height":1},"opacity":1,"edgeAntialiasingMask":15,"height":47.99999892711639,"hidden":false,"anchorPoint":{"pointX":0.5543513710480839,"pointY":-2.666666737447184}},"layers":[{"animations":[{"repeatCount":0,"animations":[{"timingFunctions":[{"timingFunction":"custom","timingControlPoint1y":0,"timingControlPoint2x":0.7001510262489319,"timingControlPoint1x":0,"timingControlPoint2y":1},{"timingFunction":"custom","timingControlPoint1y":0,"timingControlPoint2x":0.6290708780288696,"timingControlPoint1x":0.2189643681049347,"timingControlPoint2y":1},{"timingFunction":"custom","timingControlPoint1y":0,"timingControlPoint2x":0.4978695213794708,"timingControlPoint1x":0.2192263752222061,"timingControlPoint2y":0.9973366260528564}],"values":[{"scalar":171},{"scalar":-11.97},{"scalar":11.97},{"scalar":0}],"beginTime":0,"repeatCount":0,"keyTimes":[0,0.35,0.6,1],"property":"transform.translation.x","fillMode":"removed","duration":4},{"timingFunctions":[{"timingFunction":"linear"},{"timingFunction":"linear"}],"values":[{"scalar":0},{"scalar":1},{"scalar":1}],"beginTime":0,"repeatCount":0,"keyTimes":[0,0.35,1],"property":"opacity","fillMode":"both","duration":4},{"from":{"scalar":false},"beginTime":0.0001,"repeatCount":0,"fillMode":"forwards","property":"hidden","duration":3.9999,"to":{"scalar":false}}],"beginTime":1e-100,"fillMode":"both","duration":4}],"layers":[],"initialState":{"affineTransform":[1,0,0,1,0,0],"masksToBounds":false,"rotation":0,"scale":1,"position":{"pointX":271.4879989624023,"pointY":25.4999994635582},"width":27,"sublayerTransform":[1,0,0,0,0,1,0,0,0,0,1,0,0,0,0,1],"contentsRect":{"y":0,"x":0,"width":1,"height":1},"opacity":1,"edgeAntialiasingMask":0,"height":29,"hidden":true,"anchorPoint":{"pointX":0.5,"pointY":0.5}},"texture":"578749CD7D089D57CEABE5AB22171B77"}]},{"animations":[],"initialState":{"affineTransform":[1,0,0,1,0,0],"masksToBounds":false,"rotation":0,"scale":1,"position":{"pointX":203.9879989624023,"pointY":-128.0000005364418},"width":367.9759979248047,"sublayerTransform":[1,0,0,0,0,1,0,0,0,0,1,-0.0004922987690640373,0,0,0,1],"contentsRect":{"y":0,"x":0,"width":1,"height":1},"opacity":1,"edgeAntialiasingMask":15,"height":47.99999892711639,"hidden":false,"anchorPoint":{"pointX":0.5543513710480839,"pointY":-2.666666737447184}},"layers":[{"animations":[{"repeatCount":0,"animations":[{"timingFunctions":[{"timingFunction":"custom","timingControlPoint1y":0,"timingControlPoint2x":0.7001510262489319,"timingControlPoint1x":0,"timingControlPoint2y":1},{"timingFunction":"custom","timingControlPoint1y":0,"timingControlPoint2x":0.6290708780288696,"timingControlPoint1x":0.2189643681049347,"timingControlPoint2y":1},{"timingFunction":"custom","timingControlPoint1y":0,"timingControlPoint2x":0.4978695213794708,"timingControlPoint1x":0.2192263752222061,"timingControlPoint2y":0.9973366260528564}],"values":[{"scalar":205},{"scalar":-14.35},{"scalar":14.35},{"scalar":0}],"beginTime":0,"repeatCount":0,"keyTimes":[0,0.35,0.6,1],"property":"transform.translation.x","fillMode":"removed","duration":4},{"timingFunctions":[{"timingFunction":"linear"},{"timingFunction":"linear"}],"values":[{"scalar":0},{"scalar":1},{"scalar":1}],"beginTime":0,"repeatCount":0,"keyTimes":[0,0.35,1],"property":"opacity","fillMode":"both","duration":4},{"from":{"scalar":false},"beginTime":0.0001,"repeatCount":0,"fillMode":"forwards","property":"hidden","duration":3.9999,"to":{"scalar":false}}],"beginTime":1e-100,"fillMode":"both","duration":4}],"layers":[],"initialState":{"affineTransform":[1,0,0,1,0,0],"masksToBounds":false,"rotation":0,"scale":1,"position":{"pointX":288.4879989624023,"pointY":27.4999994635582},"width":19,"sublayerTransform":[1,0,0,0,0,1,0,0,0,0,1,0,0,0,0,1],"contentsRect":{"y":0,"x":0,"width":1,"height":1},"opacity":1,"edgeAntialiasingMask":0,"height":25,"hidden":true,"anchorPoint":{"pointX":0.5,"pointY":0.5}},"texture":"9B677C62622B412E74823F4E186170BC"}]},{"animations":[],"initialState":{"affineTransform":[1,0,0,1,0,0],"masksToBounds":false,"rotation":0,"scale":1,"position":{"pointX":203.9879989624023,"pointY":-128.0000005364418},"width":367.9759979248047,"sublayerTransform":[1,0,0,0,0,1,0,0,0,0,1,-0.0004922987690640373,0,0,0,1],"contentsRect":{"y":0,"x":0,"width":1,"height":1},"opacity":1,"edgeAntialiasingMask":15,"height":47.99999892711639,"hidden":false,"anchorPoint":{"pointX":0.5543513710480839,"pointY":-2.666666737447184}},"layers":[{"animations":[{"repeatCount":0,"animations":[{"timingFunctions":[{"timingFunction":"custom","timingControlPoint1y":0,"timingControlPoint2x":0.7001510262489319,"timingControlPoint1x":0,"timingControlPoint2y":1},{"timingFunction":"custom","timingControlPoint1y":0,"timingControlPoint2x":0.6290708780288696,"timingControlPoint1x":0.2189643681049347,"timingControlPoint2y":1},{"timingFunction":"custom","timingControlPoint1y":0,"timingControlPoint2x":0.4978695213794708,"timingControlPoint1x":0.2192263752222061,"timingControlPoint2y":0.9973366260528564}],"values":[{"scalar":232},{"scalar":-16.24},{"scalar":16.24},{"scalar":0}],"beginTime":0,"repeatCount":0,"keyTimes":[0,0.35,0.6,1],"property":"transform.translation.x","fillMode":"removed","duration":4},{"timingFunctions":[{"timingFunction":"linear"},{"timingFunction":"linear"}],"values":[{"scalar":0},{"scalar":1},{"scalar":1}],"beginTime":0,"repeatCount":0,"keyTimes":[0,0.35,1],"property":"opacity","fillMode":"both","duration":4},{"from":{"scalar":false},"beginTime":0.0001,"repeatCount":0,"fillMode":"forwards","property":"hidden","duration":3.9999,"to":{"scalar":false}}],"beginTime":1e-100,"fillMode":"both","duration":4}],"layers":[],"initialState":{"affineTransform":[1,0,0,1,0,0],"masksToBounds":false,"rotation":0,"scale":1,"position":{"pointX":301.9879989624023,"pointY":27.4999994635582},"width":20,"sublayerTransform":[1,0,0,0,0,1,0,0,0,0,1,0,0,0,0,1],"contentsRect":{"y":0,"x":0,"width":1,"height":1},"opacity":1,"edgeAntialiasingMask":0,"height":25,"hidden":true,"anchorPoint":{"pointX":0.5,"pointY":0.5}},"texture":"6C0694DE4462DD5092319A084D5D328D"}]},{"animations":[],"initialState":{"affineTransform":[1,0,0,1,0,0],"masksToBounds":false,"rotation":0,"scale":1,"position":{"pointX":203.9879989624023,"pointY":-128.0000005364418},"width":367.9759979248047,"sublayerTransform":[1,0,0,0,0,1,0,0,0,0,1,-0.0004922987690640373,0,0,0,1],"contentsRect":{"y":0,"x":0,"width":1,"height":1},"opacity":1,"edgeAntialiasingMask":15,"height":47.99999892711639,"hidden":false,"anchorPoint":{"pointX":0.5543513710480839,"pointY":-2.666666737447184}},"layers":[{"animations":[{"repeatCount":0,"animations":[{"timingFunctions":[{"timingFunction":"custom","timingControlPoint1y":0,"timingControlPoint2x":0.7001510262489319,"timingControlPoint1x":0,"timingControlPoint2y":1},{"timingFunction":"custom","timingControlPoint1y":0,"timingControlPoint2x":0.6290708780288696,"timingControlPoint1x":0.2189643681049347,"timingControlPoint2y":1},{"timingFunction":"custom","timingControlPoint1y":0,"timingControlPoint2x":0.4978695213794708,"timingControlPoint1x":0.2192263752222061,"timingControlPoint2y":0.9973366260528564}],"values":[{"scalar":260},{"scalar":-18.2},{"scalar":18.2},{"scalar":0}],"beginTime":0,"repeatCount":0,"keyTimes":[0,0.35,0.6,1],"property":"transform.translation.x","fillMode":"removed","duration":4},{"timingFunctions":[{"timingFunction":"linear"},{"timingFunction":"linear"}],"values":[{"scalar":0},{"scalar":1},{"scalar":1}],"beginTime":0,"repeatCount":0,"keyTimes":[0,0.35,1],"property":"opacity","fillMode":"both","duration":4},{"from":{"scalar":false},"beginTime":0.0001,"repeatCount":0,"fillMode":"forwards","property":"hidden","duration":3.9999,"to":{"scalar":false}}],"beginTime":1e-100,"fillMode":"both","duration":4}],"layers":[],"initialState":{"affineTransform":[1,0,0,1,0,0],"masksToBounds":false,"rotation":0,"scale":1,"position":{"pointX":315.9879989624023,"pointY":27.4999994635582},"width":24,"sublayerTransform":[1,0,0,0,0,1,0,0,0,0,1,0,0,0,0,1],"contentsRect":{"y":0,"x":0,"width":1,"height":1},"opacity":1,"edgeAntialiasingMask":0,"height":25,"hidden":true,"anchorPoint":{"pointX":0.5,"pointY":0.5}},"texture":"51B5CDC7855DC589F9B02A22890BFFE7"}]},{"animations":[],"initialState":{"affineTransform":[1,0,0,1,0,0],"masksToBounds":false,"rotation":0,"scale":1,"position":{"pointX":203.9879989624023,"pointY":-128.0000005364418},"width":367.9759979248047,"sublayerTransform":[1,0,0,0,0,1,0,0,0,0,1,-0.0004922987690640373,0,0,0,1],"contentsRect":{"y":0,"x":0,"width":1,"height":1},"opacity":1,"edgeAntialiasingMask":15,"height":47.99999892711639,"hidden":false,"anchorPoint":{"pointX":0.5543513710480839,"pointY":-2.666666737447184}},"layers":[{"animations":[{"repeatCount":0,"animations":[{"timingFunctions":[{"timingFunction":"custom","timingControlPoint1y":0,"timingControlPoint2x":0.7001510262489319,"timingControlPoint1x":0,"timingControlPoint2y":1},{"timingFunction":"custom","timingControlPoint1y":0,"timingControlPoint2x":0.6290708780288696,"timingControlPoint1x":0.2189643681049347,"timingControlPoint2y":1},{"timingFunction":"custom","timingControlPoint1y":0,"timingControlPoint2x":0.4978695213794708,"timingControlPoint1x":0.2192263752222061,"timingControlPoint2y":0.9973366260528564}],"values":[{"scalar":304},{"scalar":-21.28},{"scalar":21.28},{"scalar":0}],"beginTime":0,"repeatCount":0,"keyTimes":[0,0.35,0.6,1],"property":"transform.translation.x","fillMode":"removed","duration":4},{"timingFunctions":[{"timingFunction":"linear"},{"timingFunction":"linear"}],"values":[{"scalar":0},{"scalar":1},{"scalar":1}],"beginTime":0,"repeatCount":0,"keyTimes":[0,0.35,1],"property":"opacity","fillMode":"both","duration":4},{"from":{"scalar":false},"beginTime":0.0001,"repeatCount":0,"fillMode":"forwards","property":"hidden","duration":3.9999,"to":{"scalar":false}}],"beginTime":1e-100,"fillMode":"both","duration":4}],"layers":[],"initialState":{"affineTransform":[1,0,0,1,0,0],"masksToBounds":false,"rotation":0,"scale":1,"position":{"pointX":337.9879989624023,"pointY":27.9999994635582},"width":32,"sublayerTransform":[1,0,0,0,0,1,0,0,0,0,1,0,0,0,0,1],"contentsRect":{"y":0,"x":0,"width":1,"height":1},"opacity":1,"edgeAntialiasingMask":0,"height":24,"hidden":true,"anchorPoint":{"pointX":0.5,"pointY":0.5}},"texture":"7068F061B38F4E57292B981D5D0BCBFF"}]},{"animations":[],"initialState":{"affineTransform":[1,0,0,1,0,0],"masksToBounds":false,"rotation":0,"scale":1,"position":{"pointX":203.9879989624023,"pointY":-128.0000005364418},"width":367.9759979248047,"sublayerTransform":[1,0,0,0,0,1,0,0,0,0,1,-0.0004922987690640373,0,0,0,1],"contentsRect":{"y":0,"x":0,"width":1,"height":1},"opacity":1,"edgeAntialiasingMask":15,"height":47.99999892711639,"hidden":false,"anchorPoint":{"pointX":0.5543513710480839,"pointY":-2.666666737447184}},"layers":[{"animations":[{"repeatCount":0,"animations":[{"timingFunctions":[{"timingFunction":"custom","timingControlPoint1y":0,"timingControlPoint2x":0.7001510262489319,"timingControlPoint1x":0,"timingControlPoint2y":1},{"timingFunction":"custom","timingControlPoint1y":0,"timingControlPoint2x":0.6290708780288696,"timingControlPoint1x":0.2189643681049347,"timingControlPoint2y":1},{"timingFunction":"custom","timingControlPoint1y":0,"timingControlPoint2x":0.4978695213794708,"timingControlPoint1x":0.2192263752222061,"timingControlPoint2y":0.9973366260528564}],"values":[{"scalar":343},{"scalar":-24.01},{"scalar":24.01},{"scalar":0}],"beginTime":0,"repeatCount":0,"keyTimes":[0,0.35,0.6,1],"property":"transform.translation.x","fillMode":"removed","duration":4},{"timingFunctions":[{"timingFunction":"linear"},{"timingFunction":"linear"}],"values":[{"scalar":0},{"scalar":1},{"scalar":1}],"beginTime":0,"repeatCount":0,"keyTimes":[0,0.35,1],"property":"opacity","fillMode":"both","duration":4},{"from":{"scalar":false},"beginTime":0.0001,"repeatCount":0,"fillMode":"forwards","property":"hidden","duration":3.9999,"to":{"scalar":false}}],"beginTime":1e-100,"fillMode":"both","duration":4}],"layers":[],"initialState":{"affineTransform":[1,0,0,1,0,0],"masksToBounds":false,"rotation":0,"scale":1,"position":{"pointX":357.4879989624023,"pointY":27.4999994635582},"width":21,"sublayerTransform":[1,0,0,0,0,1,0,0,0,0,1,0,0,0,0,1],"contentsRect":{"y":0,"x":0,"width":1,"height":1},"opacity":1,"edgeAntialiasingMask":0,"height":25,"hidden":true,"anchorPoint":{"pointX":0.5,"pointY":0.5}},"texture":"BBEEEF37277237E9051A7410FAB1A9B7"}]}]},"effects":[],"duration":4,"type":"buildIn","name":"apple:bc-expand","objectID":0}],"automaticPlay":true,"hyperlinks":[],"accessibility":[{"text":"A Technology-based vision for Individualized Learning","targetRectangle":{"y":422,"x":130.71875,"width":762.5625,"height":43.1437517143786}},{"text":"all for One","targetRectangle":{"y":343,"x":283.9781247377396,"width":456.0437505245209,"height":71.90625}}],"baseLayer":{"animations":[],"initialState":{"affineTransform":[1,0,0,1,0,0],"masksToBounds":true,"rotation":0,"scale":1,"position":{"pointX":512,"pointY":384},"width":1024,"sublayerTransform":[1,0,0,0,0,1,0,0,0,0,1,0,0,0,0,1],"contentsRect":{"y":0,"x":0,"width":1,"height":1},"opacity":1,"edgeAntialiasingMask":0,"height":768,"hidden":false,"anchorPoint":{"pointX":0.5,"pointY":0.5}},"layers":[{"animations":[],"initialState":{"affineTransform":[1,0,0,1,0,0],"masksToBounds":false,"rotation":0,"scale":1,"position":{"pointX":512,"pointY":384},"width":1024,"sublayerTransform":[1,0,0,0,0,1,0,0,0,0,1,0,0,0,0,1],"contentsRect":{"y":0,"x":0,"width":1,"height":1},"opacity":1,"edgeAntialiasingMask":15,"height":768,"hidden":false,"anchorPoint":{"pointX":0.5,"pointY":0.5}},"layers":[{"animations":[],"initialState":{"affineTransform":[1,0,0,1,0,0],"masksToBounds":false,"rotation":0,"scale":1,"position":{"pointX":512,"pointY":384},"width":1024,"sublayerTransform":[1,0,0,0,0,1,0,0,0,0,1,0,0,0,0,1],"contentsRect":{"y":0,"x":0,"width":1,"height":1},"opacity":1,"edgeAntialiasingMask":15,"height":768,"hidden":false,"anchorPoint":{"pointX":0.5,"pointY":0.5}},"layers":[{"animations":[],"layers":[],"initialState":{"affineTransform":[1,0,0,1,0,0],"masksToBounds":false,"rotation":0,"scale":1,"position":{"pointX":512,"pointY":384},"width":1024,"sublayerTransform":[1,0,0,0,0,1,0,0,0,0,1,0,0,0,0,1],"contentsRect":{"y":0,"x":0,"width":1,"height":1},"opacity":1,"edgeAntialiasingMask":0,"height":768,"hidden":false,"anchorPoint":{"pointX":0.5,"pointY":0.5}},"texture":"9AA4A9F41B66EC39F0263B50687EF40D"}]}]},{"animations":[],"initialState":{"affineTransform":[1,0,0,1,0,0],"masksToBounds":false,"rotation":0,"scale":1,"position":{"pointX":512,"pointY":384},"width":1024,"sublayerTransform":[1,0,0,0,0,1,0,0,0,0,1,0,0,0,0,1],"contentsRect":{"y":0,"x":0,"width":1,"height":1},"opacity":1,"edgeAntialiasingMask":15,"height":768,"hidden":false,"anchorPoint":{"pointX":0.5,"pointY":0.5}},"layers":[{"animations":[],"initialState":{"affineTransform":[1,0,0,1,0,0],"masksToBounds":false,"rotation":0,"scale":1,"position":{"pointX":512,"pointY":329.5},"width":894,"sublayerTransform":[1,0,0,0,0,1,0,0,0,0,1,0,0,0,0,1],"contentsRect":{"y":0,"x":0,"width":1,"height":1},"opacity":1,"edgeAntialiasingMask":15,"height":179,"hidden":false,"anchorPoint":{"pointX":0.5,"pointY":0.5}},"layers":[{"animations":[],"layers":[],"initialState":{"affineTransform":[1,0,0,1,0,0],"masksToBounds":false,"rotation":0,"scale":1,"position":{"pointX":443.5,"pointY":138.5},"width":461,"sublayerTransform":[1,0,0,0,0,1,0,0,0,0,1,0,0,0,0,1],"contentsRect":{"y":0,"x":0,"width":1,"height":1},"opacity":1,"edgeAntialiasingMask":0,"height":59,"hidden":false,"anchorPoint":{"pointX":0.5,"pointY":0.5}},"texture":"F8E5817D2C8B8E7211F02609DF5B2E0C"}]}]},{"animations":[],"initialState":{"affineTransform":[1,0,0,1,0,0],"masksToBounds":false,"rotation":0,"scale":1,"position":{"pointX":512,"pointY":384},"width":1024,"sublayerTransform":[1,0,0,0,0,1,0,0,0,0,1,0,0,0,0,1],"contentsRect":{"y":0,"x":0,"width":1,"height":1},"opacity":1,"edgeAntialiasingMask":15,"height":768,"hidden":false,"anchorPoint":{"pointX":0.5,"pointY":0.5}},"layers":[{"animations":[],"initialState":{"affineTransform":[1,0,0,1,0,0],"masksToBounds":false,"rotation":0,"scale":1,"position":{"pointX":512,"pointY":469},"width":894,"sublayerTransform":[1,0,0,0,0,1,0,0,0,0,1,0,0,0,0,1],"contentsRect":{"y":0,"x":0,"width":1,"height":1},"opacity":1,"edgeAntialiasingMask":15,"height":102,"hidden":false,"anchorPoint":{"pointX":0.5,"pointY":0.5}},"layers":[{"animations":[],"layers":[],"initialState":{"affineTransform":[1,0,0,1,0,0],"masksToBounds":false,"rotation":0,"scale":1,"position":{"pointX":448,"pointY":24.5},"width":770,"sublayerTransform":[1,0,0,0,0,1,0,0,0,0,1,0,0,0,0,1],"contentsRect":{"y":0,"x":0,"width":1,"height":1},"opacity":1,"edgeAntialiasingMask":0,"height":37,"hidden":false,"anchorPoint":{"pointX":0.5,"pointY":0.5}},"texture":"6DC7EC84448E141C7BAFBABD541BC57C"}]}]},{"animations":[],"initialState":{"affineTransform":[1,0,0,1,0,0],"masksToBounds":false,"rotation":0,"scale":1,"position":{"pointX":512,"pointY":384},"width":1024,"sublayerTransform":[1,0,0,0,0,1,0,0,0,0,1,0,0,0,0,1],"contentsRect":{"y":0,"x":0,"width":1,"height":1},"opacity":1,"edgeAntialiasingMask":15,"height":768,"hidden":false,"anchorPoint":{"pointX":0.5,"pointY":0.5}},"layers":[{"animations":[],"initialState":{"affineTransform":[1,0,0,1,0,0],"masksToBounds":false,"rotation":0,"scale":1,"position":{"pointX":492,"pointY":536},"width":367.9759979248047,"sublayerTransform":[1,0,0,0,0,1,0,0,0,0,1,0,0,0,0,1],"contentsRect":{"y":0,"x":0,"width":1,"height":1},"opacity":1,"edgeAntialiasingMask":15,"height":47.99999892711639,"hidden":false,"anchorPoint":{"pointX":0.5,"pointY":0.5}},"objectID":0,"layers":[{"animations":[],"layers":[],"initialState":{"affineTransform":[1,0,0,1,0,0],"masksToBounds":false,"rotation":0,"scale":1,"position":{"pointX":16.48799896240234,"pointY":25.4999994635582},"width":25,"sublayerTransform":[1,0,0,0,0,1,0,0,0,0,1,0,0,0,0,1],"contentsRect":{"y":0,"x":0,"width":1,"height":1},"opacity":1,"edgeAntialiasingMask":0,"height":29,"hidden":true,"anchorPoint":{"pointX":0.5,"pointY":0.5}},"texture":"D090B6A28E4572D56ADB47DA593B9008"},{"animations":[],"layers":[],"initialState":{"affineTransform":[1,0,0,1,0,0],"masksToBounds":false,"rotation":0,"scale":1,"position":{"pointX":34.48799896240234,"pointY":27.4999994635582},"width":21,"sublayerTransform":[1,0,0,0,0,1,0,0,0,0,1,0,0,0,0,1],"contentsRect":{"y":0,"x":0,"width":1,"height":1},"opacity":1,"edgeAntialiasingMask":0,"height":25,"hidden":true,"anchorPoint":{"pointX":0.5,"pointY":0.5}},"texture":"C835DB7D1A6D972C018E90D92F49336E"},{"animations":[],"layers":[],"initialState":{"affineTransform":[1,0,0,1,0,0],"masksToBounds":false,"rotation":0,"scale":1,"position":{"pointX":49.98799896240234,"pointY":27.4999994635582},"width":22,"sublayerTransform":[1,0,0,0,0,1,0,0,0,0,1,0,0,0,0,1],"contentsRect":{"y":0,"x":0,"width":1,"height":1},"opacity":1,"edgeAntialiasingMask":0,"height":25,"hidden":true,"anchorPoint":{"pointX":0.5,"pointY":0.5}},"texture":"BCEAB6F14D988772B7C43D986F34BDE2"},{"animations":[],"layers":[],"initialState":{"affineTransform":[1,0,0,1,0,0],"masksToBounds":false,"rotation":0,"scale":1,"position":{"pointX":57.48799896240234,"pointY":35.4999994635582},"width":5,"sublayerTransform":[1,0,0,0,0,1,0,0,0,0,1,0,0,0,0,1],"contentsRect":{"y":0,"x":0,"width":1,"height":1},"opacity":1,"edgeAntialiasingMask":0,"height":5,"hidden":true,"anchorPoint":{"pointX":0.5,"pointY":0.5}},"texture":"6D0BB00954CEB7FBEE436BB55A8397A9"},{"animations":[],"layers":[],"initialState":{"affineTransform":[1,0,0,1,0,0],"masksToBounds":false,"rotation":0,"scale":1,"position":{"pointX":75.98799896240234,"pointY":25.4999994635582},"width":24,"sublayerTransform":[1,0,0,0,0,1,0,0,0,0,1,0,0,0,0,1],"contentsRect":{"y":0,"x":0,"width":1,"height":1},"opacity":1,"edgeAntialiasingMask":0,"height":29,"hidden":true,"anchorPoint":{"pointX":0.5,"pointY":0.5}},"texture":"4EA8332E3153C8F4BDD27123EE4BCF24"},{"animations":[],"layers":[],"initialState":{"affineTransform":[1,0,0,1,0,0],"masksToBounds":false,"rotation":0,"scale":1,"position":{"pointX":94.98799896240234,"pointY":27.4999994635582},"width":24,"sublayerTransform":[1,0,0,0,0,1,0,0,0,0,1,0,0,0,0,1],"contentsRect":{"y":0,"x":0,"width":1,"height":1},"opacity":1,"edgeAntialiasingMask":0,"height":25,"hidden":true,"anchorPoint":{"pointX":0.5,"pointY":0.5}},"texture":"376D91BF7437AD5FB97B5A9D7DA344A1"},{"animations":[],"layers":[],"initialState":{"affineTransform":[1,0,0,1,0,0],"masksToBounds":false,"rotation":0,"scale":1,"position":{"pointX":115.9879989624023,"pointY":27.9999994635582},"width":32,"sublayerTransform":[1,0,0,0,0,1,0,0,0,0,1,0,0,0,0,1],"contentsRect":{"y":0,"x":0,"width":1,"height":1},"opacity":1,"edgeAntialiasingMask":0,"height":24,"hidden":true,"anchorPoint":{"pointX":0.5,"pointY":0.5}},"texture":"683FF8B23F7DE97426880B16BCA0F82A"},{"animations":[],"layers":[],"initialState":{"affineTransform":[1,0,0,1,0,0],"masksToBounds":false,"rotation":0,"scale":1,"position":{"pointX":138.4879989624023,"pointY":27.4999994635582},"width":23,"sublayerTransform":[1,0,0,0,0,1,0,0,0,0,1,0,0,0,0,1],"contentsRect":{"y":0,"x":0,"width":1,"height":1},"opacity":1,"edgeAntialiasingMask":0,"height":25,"hidden":true,"anchorPoint":{"pointX":0.5,"pointY":0.5}},"texture":"1459F4BC2285671E2BD480B70E85A1A2"},{"animations":[],"layers":[],"initialState":{"affineTransform":[1,0,0,1,0,0],"masksToBounds":false,"rotation":0,"scale":1,"position":{"pointX":147.4879989624023,"pointY":35.4999994635582},"width":5,"sublayerTransform":[1,0,0,0,0,1,0,0,0,0,1,0,0,0,0,1],"contentsRect":{"y":0,"x":0,"width":1,"height":1},"opacity":1,"edgeAntialiasingMask":0,"height":5,"hidden":true,"anchorPoint":{"pointX":0.5,"pointY":0.5}},"texture":"6D0BB00954CEB7FBEE436BB55A8397A9"},{"animations":[],"layers":[],"initialState":{"affineTransform":[1,0,0,1,0,0],"masksToBounds":false,"rotation":0,"scale":1,"position":{"pointX":162.9879989624023,"pointY":27.4999994635582},"width":22,"sublayerTransform":[1,0,0,0,0,1,0,0,0,0,1,0,0,0,0,1],"contentsRect":{"y":0,"x":0,"width":1,"height":1},"opacity":1,"edgeAntialiasingMask":0,"height":25,"hidden":true,"anchorPoint":{"pointX":0.5,"pointY":0.5}},"texture":"3FEC86CE581CD60A6D14519AD2160D39"},{"animations":[],"layers":[],"initialState":{"affineTransform":[1,0,0,1,0,0],"masksToBounds":false,"rotation":0,"scale":1,"position":{"pointX":180.4879989624023,"pointY":27.4999994635582},"width":23,"sublayerTransform":[1,0,0,0,0,1,0,0,0,0,1,0,0,0,0,1],"contentsRect":{"y":0,"x":0,"width":1,"height":1},"opacity":1,"edgeAntialiasingMask":0,"height":25,"hidden":true,"anchorPoint":{"pointX":0.5,"pointY":0.5}},"texture":"8A17BB153A80D6087801DFEF437C463A"},{"animations":[],"layers":[],"initialState":{"affineTransform":[1,0,0,1,0,0],"masksToBounds":false,"rotation":0,"scale":1,"position":{"pointX":198.9879989624023,"pointY":24.4999994635582},"width":24,"sublayerTransform":[1,0,0,0,0,1,0,0,0,0,1,0,0,0,0,1],"contentsRect":{"y":0,"x":0,"width":1,"height":1},"opacity":1,"edgeAntialiasingMask":0,"height":31,"hidden":true,"anchorPoint":{"pointX":0.5,"pointY":0.5}},"texture":"944899B56498238E4AE106BB106C8060"},{"animations":[],"layers":[],"initialState":{"affineTransform":[1,0,0,1,0,0],"masksToBounds":false,"rotation":0,"scale":1,"position":{"pointX":208.4879989624023,"pointY":35.4999994635582},"width":5,"sublayerTransform":[1,0,0,0,0,1,0,0,0,0,1,0,0,0,0,1],"contentsRect":{"y":0,"x":0,"width":1,"height":1},"opacity":1,"edgeAntialiasingMask":0,"height":5,"hidden":true,"anchorPoint":{"pointX":0.5,"pointY":0.5}},"texture":"6D0BB00954CEB7FBEE436BB55A8397A9"},{"animations":[],"layers":[],"initialState":{"affineTransform":[1,0,0,1,0,0],"masksToBounds":false,"rotation":0,"scale":1,"position":{"pointX":226.4879989624023,"pointY":25.4999994635582},"width":25,"sublayerTransform":[1,0,0,0,0,1,0,0,0,0,1,0,0,0,0,1],"contentsRect":{"y":0,"x":0,"width":1,"height":1},"opacity":1,"edgeAntialiasingMask":0,"height":29,"hidden":true,"anchorPoint":{"pointX":0.5,"pointY":0.5}},"texture":"4EE2378B36ABFF4B9C4F092BCC5C19A7"},{"animations":[],"layers":[],"initialState":{"affineTransform":[1,0,0,1,0,0],"masksToBounds":false,"rotation":0,"scale":1,"position":{"pointX":246.4879989624023,"pointY":29.9999994635582},"width":23,"sublayerTransform":[1,0,0,0,0,1,0,0,0,0,1,0,0,0,0,1],"contentsRect":{"y":0,"x":0,"width":1,"height":1},"opacity":1,"edgeAntialiasingMask":0,"height":30,"hidden":true,"anchorPoint":{"pointX":0.5,"pointY":0.5}},"texture":"3027F44EC75457231BB2251E0909E23C"},{"animations":[],"layers":[],"initialState":{"affineTransform":[1,0,0,1,0,0],"masksToBounds":false,"rotation":0,"scale":1,"position":{"pointX":255.4879989624023,"pointY":35.4999994635582},"width":5,"sublayerTransform":[1,0,0,0,0,1,0,0,0,0,1,0,0,0,0,1],"contentsRect":{"y":0,"x":0,"width":1,"height":1},"opacity":1,"edgeAntialiasingMask":0,"height":5,"hidden":true,"anchorPoint":{"pointX":0.5,"pointY":0.5}},"texture":"6D0BB00954CEB7FBEE436BB55A8397A9"},{"animations":[],"layers":[],"initialState":{"affineTransform":[1,0,0,1,0,0],"masksToBounds":false,"rotation":0,"scale":1,"position":{"pointX":271.4879989624023,"pointY":25.4999994635582},"width":27,"sublayerTransform":[1,0,0,0,0,1,0,0,0,0,1,0,0,0,0,1],"contentsRect":{"y":0,"x":0,"width":1,"height":1},"opacity":1,"edgeAntialiasingMask":0,"height":29,"hidden":true,"anchorPoint":{"pointX":0.5,"pointY":0.5}},"texture":"578749CD7D089D57CEABE5AB22171B77"},{"animations":[],"layers":[],"initialState":{"affineTransform":[1,0,0,1,0,0],"masksToBounds":false,"rotation":0,"scale":1,"position":{"pointX":288.4879989624023,"pointY":27.4999994635582},"width":19,"sublayerTransform":[1,0,0,0,0,1,0,0,0,0,1,0,0,0,0,1],"contentsRect":{"y":0,"x":0,"width":1,"height":1},"opacity":1,"edgeAntialiasingMask":0,"height":25,"hidden":true,"anchorPoint":{"pointX":0.5,"pointY":0.5}},"texture":"9B677C62622B412E74823F4E186170BC"},{"animations":[],"layers":[],"initialState":{"affineTransform":[1,0,0,1,0,0],"masksToBounds":false,"rotation":0,"scale":1,"position":{"pointX":301.9879989624023,"pointY":27.4999994635582},"width":20,"sublayerTransform":[1,0,0,0,0,1,0,0,0,0,1,0,0,0,0,1],"contentsRect":{"y":0,"x":0,"width":1,"height":1},"opacity":1,"edgeAntialiasingMask":0,"height":25,"hidden":true,"anchorPoint":{"pointX":0.5,"pointY":0.5}},"texture":"6C0694DE4462DD5092319A084D5D328D"},{"animations":[],"layers":[],"initialState":{"affineTransform":[1,0,0,1,0,0],"masksToBounds":false,"rotation":0,"scale":1,"position":{"pointX":315.9879989624023,"pointY":27.4999994635582},"width":24,"sublayerTransform":[1,0,0,0,0,1,0,0,0,0,1,0,0,0,0,1],"contentsRect":{"y":0,"x":0,"width":1,"height":1},"opacity":1,"edgeAntialiasingMask":0,"height":25,"hidden":true,"anchorPoint":{"pointX":0.5,"pointY":0.5}},"texture":"51B5CDC7855DC589F9B02A22890BFFE7"},{"animations":[],"layers":[],"initialState":{"affineTransform":[1,0,0,1,0,0],"masksToBounds":false,"rotation":0,"scale":1,"position":{"pointX":337.9879989624023,"pointY":27.9999994635582},"width":32,"sublayerTransform":[1,0,0,0,0,1,0,0,0,0,1,0,0,0,0,1],"contentsRect":{"y":0,"x":0,"width":1,"height":1},"opacity":1,"edgeAntialiasingMask":0,"height":24,"hidden":true,"anchorPoint":{"pointX":0.5,"pointY":0.5}},"texture":"7068F061B38F4E57292B981D5D0BCBFF"},{"animations":[],"layers":[],"initialState":{"affineTransform":[1,0,0,1,0,0],"masksToBounds":false,"rotation":0,"scale":1,"position":{"pointX":357.4879989624023,"pointY":27.4999994635582},"width":21,"sublayerTransform":[1,0,0,0,0,1,0,0,0,0,1,0,0,0,0,1],"contentsRect":{"y":0,"x":0,"width":1,"height":1},"opacity":1,"edgeAntialiasingMask":0,"height":25,"hidden":true,"anchorPoint":{"pointX":0.5,"pointY":0.5}},"texture":"BBEEEF37277237E9051A7410FAB1A9B7"}]}]}]}},{"effects":[{"beginTime":0,"baseLayer":{"animations":[],"initialState":{"affineTransform":[1,0,0,1,0,0],"masksToBounds":true,"rotation":0,"scale":1,"position":{"pointX":512,"pointY":384},"width":1024,"sublayerTransform":[1,0,0,0,0,1,0,0,0,0,1,0,0,0,0,1],"contentsRect":{"y":0,"x":0,"width":1,"height":1},"opacity":1,"edgeAntialiasingMask":0,"height":768,"hidden":false,"anchorPoint":{"pointX":0.5,"pointY":0.5}},"objectID":0,"layers":[{"animations":[],"initialState":{"affineTransform":[1,0,0,1,0,0],"masksToBounds":false,"rotation":0,"scale":1,"position":{"pointX":512,"pointY":384},"width":1024,"sublayerTransform":[1,0,0,0,0,1,0,0,0,0,1,-0.0004922987690640373,0,0,0,1],"contentsRect":{"y":0,"x":0,"width":1,"height":1},"opacity":1,"edgeAntialiasingMask":15,"height":768,"hidden":false,"anchorPoint":{"pointX":0.5,"pointY":0.5}},"layers":[{"animations":[],"layers":[],"initialState":{"affineTransform":[1,0,0,1,0,0],"masksToBounds":false,"rotation":0,"scale":1,"position":{"pointX":512,"pointY":384},"width":1024,"sublayerTransform":[1,0,0,0,0,1,0,0,0,0,1,0,0,0,0,1],"contentsRect":{"y":0,"x":0,"width":1,"height":1},"opacity":1,"edgeAntialiasingMask":0,"height":768,"hidden":false,"anchorPoint":{"pointX":0.5,"pointY":0.5}},"texture":"EF648E7BBACD0D051D4F832813BBA9B1"},{"animations":[{"from":{"scalar":1},"beginTime":0,"repeatCount":0,"fillMode":"both","property":"opacity","duration":1,"timingFunction":"easeInEaseOut","to":{"scalar":0}}],"layers":[],"initialState":{"affineTransform":[1,0,0,1,0,0],"masksToBounds":false,"rotation":0,"scale":1,"position":{"pointX":512,"pointY":384},"width":1024,"sublayerTransform":[1,0,0,0,0,1,0,0,0,0,1,0,0,0,0,1],"contentsRect":{"y":0,"x":0,"width":1,"height":1},"opacity":1,"edgeAntialiasingMask":0,"height":768,"hidden":false,"anchorPoint":{"pointX":0.5,"pointY":0.5}},"texture":"E743EA52B651EE77805778025072D487"}]}]},"effects":[],"duration":1,"type":"transition","name":"apple:dissolve","objectID":0}],"automaticPlay":false,"hyperlinks":[],"accessibility":[{"text":"A Technology-based vision for Individualized Learning","targetRectangle":{"y":422,"x":130.71875,"width":762.5625,"height":43.1437517143786}},{"text":"Use Down and Up Arrows","targetRectangle":{"y":516.0000005364418,"x":312.5120010375977,"width":358.976,"height":48.00000190734863}},{"text":"all for One","targetRectangle":{"y":343,"x":283.9781247377396,"width":456.0437505245209,"height":71.90625}}],"baseLayer":{"animations":[],"initialState":{"affineTransform":[1,0,0,1,0,0],"masksToBounds":true,"rotation":0,"scale":1,"position":{"pointX":512,"pointY":384},"width":1024,"sublayerTransform":[1,0,0,0,0,1,0,0,0,0,1,0,0,0,0,1],"contentsRect":{"y":0,"x":0,"width":1,"height":1},"opacity":1,"edgeAntialiasingMask":0,"height":768,"hidden":false,"anchorPoint":{"pointX":0.5,"pointY":0.5}},"objectID":0,"layers":[{"animations":[],"initialState":{"affineTransform":[1,0,0,1,0,0],"masksToBounds":false,"rotation":0,"scale":1,"position":{"pointX":512,"pointY":384},"width":1024,"sublayerTransform":[1,0,0,0,0,1,0,0,0,0,1,-0.0004922987690640373,0,0,0,1],"contentsRect":{"y":0,"x":0,"width":1,"height":1},"opacity":1,"edgeAntialiasingMask":15,"height":768,"hidden":false,"anchorPoint":{"pointX":0.5,"pointY":0.5}},"layers":[{"animations":[],"layers":[],"initialState":{"affineTransform":[1,0,0,1,0,0],"masksToBounds":false,"rotation":0,"scale":1,"position":{"pointX":512,"pointY":384},"width":1024,"sublayerTransform":[1,0,0,0,0,1,0,0,0,0,1,0,0,0,0,1],"contentsRect":{"y":0,"x":0,"width":1,"height":1},"opacity":1,"edgeAntialiasingMask":0,"height":768,"hidden":false,"anchorPoint":{"pointX":0.5,"pointY":0.5}},"texture":"EF648E7BBACD0D051D4F832813BBA9B1"},{"animations":[{"from":{"scalar":1},"beginTime":0,"repeatCount":0,"fillMode":"both","property":"opacity","duration":1,"timingFunction":"easeInEaseOut","to":{"scalar":0}}],"layers":[],"initialState":{"affineTransform":[1,0,0,1,0,0],"masksToBounds":false,"rotation":0,"scale":1,"position":{"pointX":512,"pointY":384},"width":1024,"sublayerTransform":[1,0,0,0,0,1,0,0,0,0,1,0,0,0,0,1],"contentsRect":{"y":0,"x":0,"width":1,"height":1},"opacity":1,"edgeAntialiasingMask":0,"height":768,"hidden":false,"anchorPoint":{"pointX":0.5,"pointY":0.5}},"texture":"E743EA52B651EE77805778025072D487"}]}]}}]}