{"assets":{"98E5F66CB165D3DB185539E3C6A1B5BD":{"type":"texture","assetRequest":{"type":"slide","state":"incoming","slide":"C2879AF4-9CE9-482F-9BCD-11EF4EA2AF04"},"url":"assets/98E5F66CB165D3DB185539E3C6A1B5BD.svg","width":1024,"height":768},"591A33D7BB74EF22CA99BF42445AA5B7":{"type":"texture","assetRequest":{"type":"slide","state":"outgoing","slide":"CD5A25A9-6064-48B2-B8FC-0E911300FB15"},"url":"assets/591A33D7BB74EF22CA99BF42445AA5B7.svg","width":1024,"height":768}},"events":[{"effects":[{"beginTime":0,"baseLayer":{"animations":[],"initialState":{"affineTransform":[1,0,0,1,0,0],"masksToBounds":true,"rotation":0,"scale":1,"position":{"pointX":512,"pointY":384},"width":1024,"sublayerTransform":[1,0,0,0,0,1,0,0,0,0,1,0,0,0,0,1],"contentsRect":{"y":0,"x":0,"width":1,"height":1},"opacity":1,"edgeAntialiasingMask":0,"height":768,"hidden":false,"anchorPoint":{"pointX":0.5,"pointY":0.5}},"objectID":0,"layers":[{"animations":[],"initialState":{"affineTransform":[1,0,0,1,0,0],"masksToBounds":false,"rotation":0,"scale":1,"position":{"pointX":512,"pointY":384},"width":1024,"sublayerTransform":[1,0,0,0,0,1,0,0,0,0,1,-0.0004922987690640373,0,0,0,1],"contentsRect":{"y":0,"x":0,"width":1,"height":1},"opacity":1,"edgeAntialiasingMask":15,"height":768,"hidden":false,"anchorPoint":{"pointX":0.5,"pointY":0.5}},"layers":[{"animations":[],"layers":[],"initialState":{"affineTransform":[1,0,0,1,0,0],"masksToBounds":false,"rotation":0,"scale":1,"position":{"pointX":512,"pointY":384},"width":1024,"sublayerTransform":[1,0,0,0,0,1,0,0,0,0,1,0,0,0,0,1],"contentsRect":{"y":0,"x":0,"width":1,"height":1},"opacity":1,"edgeAntialiasingMask":0,"height":768,"hidden":false,"anchorPoint":{"pointX":0.5,"pointY":0.5}},"texture":"98E5F66CB165D3DB185539E3C6A1B5BD"},{"animations":[{"from":{"scalar":1},"beginTime":0,"repeatCount":0,"fillMode":"both","property":"opacity","duration":0.75,"timingFunction":"easeInEaseOut","to":{"scalar":0}}],"layers":[],"initialState":{"affineTransform":[1,0,0,1,0,0],"masksToBounds":false,"rotation":0,"scale":1,"position":{"pointX":512,"pointY":384},"width":1024,"sublayerTransform":[1,0,0,0,0,1,0,0,0,0,1,0,0,0,0,1],"contentsRect":{"y":0,"x":0,"width":1,"height":1},"opacity":1,"edgeAntialiasingMask":0,"height":768,"hidden":false,"anchorPoint":{"pointX":0.5,"pointY":0.5}},"texture":"591A33D7BB74EF22CA99BF42445AA5B7"}]}]},"effects":[],"duration":0.75,"type":"transition","name":"apple:dissolve","objectID":0}],"automaticPlay":false,"hyperlinks":[],"accessibility":[{"text":"An Aside","targetRectangle":{"y":52,"x":371.641796708107,"width":280.716406583786,"height":63.16796875}},{"text":"“Flipped education won’t work for poor students.”","targetRectangle":{"y":217,"x":96.87999965031941,"width":638.2835156249999,"height":33.03425781250002}},{"text":"“They just don’t have access to the technology.”","targetRectangle":{"y":251,"x":130.8800002368291,"width":519.1584960937503,"height":45.23521468639376}},{"text":"“Forget about it. We will just stay the same. Forever. Until we are all bored to death”","targetRectangle":{"y":297.0399998426437,"x":130.8800002368291,"width":811.6798828125002,"height":73.23521468639376}},{"text":"Bad Solution: Limit progress to the worst case","targetRectangle":{"y":371.0799996852875,"x":96.87999965031941,"width":600.5330859375,"height":75.67425744056703}},{"text":"Better solution: Fix poverty.","targetRectangle":{"y":447.7199993133545,"x":96.87999965031941,"width":355.4796093750001,"height":75.67425744056709}},{"text":"Make technology available to all students","targetRectangle":{"y":524.3599989414215,"x":130.8800002368291,"width":448.5416015625003,"height":45.23521468639376}},{"text":"Renaissance of the school library? Municipal wifi?","targetRectangle":{"y":570.3999987840652,"x":130.8800002368291,"width":542.8335937500001,"height":45.23521468639376}},{"text":"Not today’s topic","targetRectangle":{"y":616.439998626709,"x":96.87999965031941,"width":217.6955859375,"height":75.67425744056709}}],"baseLayer":{"animations":[],"initialState":{"affineTransform":[1,0,0,1,0,0],"masksToBounds":true,"rotation":0,"scale":1,"position":{"pointX":512,"pointY":384},"width":1024,"sublayerTransform":[1,0,0,0,0,1,0,0,0,0,1,0,0,0,0,1],"contentsRect":{"y":0,"x":0,"width":1,"height":1},"opacity":1,"edgeAntialiasingMask":0,"height":768,"hidden":false,"anchorPoint":{"pointX":0.5,"pointY":0.5}},"objectID":0,"layers":[{"animations":[],"initialState":{"affineTransform":[1,0,0,1,0,0],"masksToBounds":false,"rotation":0,"scale":1,"position":{"pointX":512,"pointY":384},"width":1024,"sublayerTransform":[1,0,0,0,0,1,0,0,0,0,1,-0.0004922987690640373,0,0,0,1],"contentsRect":{"y":0,"x":0,"width":1,"height":1},"opacity":1,"edgeAntialiasingMask":15,"height":768,"hidden":false,"anchorPoint":{"pointX":0.5,"pointY":0.5}},"layers":[{"animations":[],"layers":[],"initialState":{"affineTransform":[1,0,0,1,0,0],"masksToBounds":false,"rotation":0,"scale":1,"position":{"pointX":512,"pointY":384},"width":1024,"sublayerTransform":[1,0,0,0,0,1,0,0,0,0,1,0,0,0,0,1],"contentsRect":{"y":0,"x":0,"width":1,"height":1},"opacity":1,"edgeAntialiasingMask":0,"height":768,"hidden":false,"anchorPoint":{"pointX":0.5,"pointY":0.5}},"texture":"98E5F66CB165D3DB185539E3C6A1B5BD"},{"animations":[{"from":{"scalar":1},"beginTime":0,"repeatCount":0,"fillMode":"both","property":"opacity","duration":0.75,"timingFunction":"easeInEaseOut","to":{"scalar":0}}],"layers":[],"initialState":{"affineTransform":[1,0,0,1,0,0],"masksToBounds":false,"rotation":0,"scale":1,"position":{"pointX":512,"pointY":384},"width":1024,"sublayerTransform":[1,0,0,0,0,1,0,0,0,0,1,0,0,0,0,1],"contentsRect":{"y":0,"x":0,"width":1,"height":1},"opacity":1,"edgeAntialiasingMask":0,"height":768,"hidden":false,"anchorPoint":{"pointX":0.5,"pointY":0.5}},"texture":"591A33D7BB74EF22CA99BF42445AA5B7"}]}]}}]}