{"assets":{"EC0F2B3C7064E9C3F2AEEC333EEB19E9":{"type":"texture","assetRequest":{"type":"slide","state":"outgoing","slide":"31C61424-EA3E-429D-9A4A-7C5D84B38EC9"},"url":"assets/EC0F2B3C7064E9C3F2AEEC333EEB19E9.svg","width":1024,"height":768},"609C2A18996DC29290DF492BBE3897D7":{"type":"texture","assetRequest":{"type":"slide","state":"contents","slide":"31C61424-EA3E-429D-9A4A-7C5D84B38EC9"},"url":"assets/609C2A18996DC29290DF492BBE3897D7.svg","width":257,"height":33},"46A6A9AFD846E2DA9B4A7D613050D697":{"type":"texture","assetRequest":{"type":"slide","state":"contents","slide":"31C61424-EA3E-429D-9A4A-7C5D84B38EC9"},"url":"assets/46A6A9AFD846E2DA9B4A7D613050D697.svg","width":444,"height":36},"CB1DC2087D9A60656FED52A3373F6760":{"type":"texture","assetRequest":{"type":"slide","state":"contents","slide":"31C61424-EA3E-429D-9A4A-7C5D84B38EC9"},"url":"assets/CB1DC2087D9A60656FED52A3373F6760.svg","width":839,"height":240},"B6CC09ACABBF97A7C588B59123D09393":{"type":"texture","assetRequest":{"type":"slide","state":"contents","slide":"31C61424-EA3E-429D-9A4A-7C5D84B38EC9"},"url":"assets/B6CC09ACABBF97A7C588B59123D09393.svg","width":482,"height":48},"184EBF14928D9097B2C7CCF21C4E57AD":{"type":"texture","assetRequest":{"type":"slide","state":"incoming","slide":"7DA60F51-B217-4019-914B-94750B4C2D8D"},"url":"assets/184EBF14928D9097B2C7CCF21C4E57AD.svg","width":1024,"height":768},"D8CE7FFE207C1D8439A05951E2FBF6C1":{"type":"texture","assetRequest":{"type":"slide","state":"contents","slide":"31C61424-EA3E-429D-9A4A-7C5D84B38EC9"},"url":"assets/D8CE7FFE207C1D8439A05951E2FBF6C1.svg","width":1024,"height":768}},"events":[{"effects":[{"beginTime":0,"baseLayer":{"animations":[],"initialState":{"affineTransform":[1,0,0,1,0,0],"masksToBounds":false,"rotation":0,"scale":1,"position":{"pointX":512.0000019073486,"pointY":554.0416270494461},"width":893.9999580383301,"sublayerTransform":[1,0,0,0,0,1,0,0,0,0,1,0,0,0,0,1],"contentsRect":{"y":0,"x":0,"width":1,"height":1},"opacity":1,"edgeAntialiasingMask":15,"height":65.91406464576721,"hidden":false,"anchorPoint":{"pointX":0.5,"pointY":0.5}},"objectID":0,"layers":[{"animations":[],"initialState":{"affineTransform":[1,0,0,1,0,0],"masksToBounds":false,"rotation":0,"scale":1,"position":{"pointX":446.9999771118164,"pointY":-137.0845947265625},"width":893.9999580383301,"sublayerTransform":[1,0,0,0,0,1,0,0,0,0,1,-0.0004922987690640373,0,0,0,1],"contentsRect":{"y":0,"x":0,"width":1,"height":1},"opacity":1,"edgeAntialiasingMask":15,"height":65.91406464576721,"hidden":false,"anchorPoint":{"pointX":0.4999999978665003,"pointY":-2.079747250655489}},"layers":[{"animations":[{"repeatCount":0,"animations":[{"timingFunctions":[{"timingFunction":"custom","timingControlPoint1y":0.312141627073288,"timingControlPoint2x":0.7148821949958801,"timingControlPoint1x":0.299389660358429,"timingControlPoint2y":0.7628659009933472},{"timingFunction":"custom","timingControlPoint1y":0.9692628383636475,"timingControlPoint2x":0.6250768899917603,"timingControlPoint1x":0.4883581101894379,"timingControlPoint2y":1}],"values":[{"pointX":-702.0000038146973,"pointY":26.9154052734375},{"pointX":276.3099777412415,"pointY":26.9154052734375},{"pointX":258.9999771118164,"pointY":26.9154052734375}],"beginTime":0,"repeatCount":0,"keyTimes":[0,0.7375,1],"property":"position","fillMode":"both","duration":1},{"from":{"scalar":false},"beginTime":0,"repeatCount":0,"fillMode":"forwards","property":"hidden","duration":1,"to":{"scalar":false}}],"beginTime":1e-100,"fillMode":"both","duration":1}],"layers":[],"initialState":{"affineTransform":[1,0,0,1,0,0],"masksToBounds":false,"rotation":0,"scale":1,"position":{"pointX":258.9999771118164,"pointY":26.9154052734375},"width":444,"sublayerTransform":[1,0,0,0,0,1,0,0,0,0,1,0,0,0,0,1],"contentsRect":{"y":0,"x":0,"width":1,"height":1},"opacity":1,"edgeAntialiasingMask":0,"height":36,"hidden":true,"anchorPoint":{"pointX":0.5,"pointY":0.5}},"texture":"46A6A9AFD846E2DA9B4A7D613050D697"}]}]},"effects":[{"beginTime":0,"baseLayer":{"animations":[],"initialState":{"affineTransform":[1,0,0,1,0,0],"masksToBounds":false,"rotation":0,"scale":1,"position":{"pointX":512.0000019073486,"pointY":649.3750010728836},"width":893.9999580383301,"sublayerTransform":[1,0,0,0,0,1,0,0,0,0,1,0,0,0,0,1],"contentsRect":{"y":0,"x":0,"width":1,"height":1},"opacity":1,"edgeAntialiasingMask":15,"height":65.91406464576721,"hidden":false,"anchorPoint":{"pointX":0.5,"pointY":0.5}},"objectID":1,"layers":[{"animations":[],"initialState":{"affineTransform":[1,0,0,1,0,0],"masksToBounds":false,"rotation":0,"scale":1,"position":{"pointX":446.9999771118164,"pointY":-232.41796875},"width":893.9999580383301,"sublayerTransform":[1,0,0,0,0,1,0,0,0,0,1,-0.0004922987690640373,0,0,0,1],"contentsRect":{"y":0,"x":0,"width":1,"height":1},"opacity":1,"edgeAntialiasingMask":15,"height":65.91406464576721,"hidden":false,"anchorPoint":{"pointX":0.4999999978665003,"pointY":-3.526075504508052}},"layers":[{"animations":[{"repeatCount":0,"animations":[{"timingFunctions":[{"timingFunction":"custom","timingControlPoint1y":0.09829729050397873,"timingControlPoint2x":0.8997974395751953,"timingControlPoint1x":0.3006462454795837,"timingControlPoint2y":0.5973872542381287},{"timingFunction":"custom","timingControlPoint1y":0.873240053653717,"timingControlPoint2x":0.7058159708976746,"timingControlPoint1x":0.4557388126850128,"timingControlPoint2y":1},{"timingFunction":"custom","timingControlPoint1y":0.09829729050397873,"timingControlPoint2x":0.8997974395751953,"timingControlPoint1x":0.3006462454795837,"timingControlPoint2y":0.5973872542381287},{"timingFunction":"custom","timingControlPoint1y":0.873240053653717,"timingControlPoint2x":0.7058159708976746,"timingControlPoint1x":0.4557388126850128,"timingControlPoint2y":1},{"timingFunction":"custom","timingControlPoint1y":0.09829729050397873,"timingControlPoint2x":0.8997974395751953,"timingControlPoint1x":0.3006462454795837,"timingControlPoint2y":0.5973872542381287},{"timingFunction":"custom","timingControlPoint1y":0.873240053653717,"timingControlPoint2x":0.7058159708976746,"timingControlPoint1x":0.4557388126850128,"timingControlPoint2y":1},{"timingFunction":"custom","timingControlPoint1y":0.09829729050397873,"timingControlPoint2x":0.8997974395751953,"timingControlPoint1x":0.3006462454795837,"timingControlPoint2y":0.5973872542381287}],"values":[{"scalar":-654},{"scalar":0},{"scalar":-194.0496209034227},{"scalar":0},{"scalar":-57.57684307761782},{"scalar":0},{"scalar":-17.08373787771804},{"scalar":0}],"beginTime":0,"repeatCount":0,"keyTimes":[0,0.2135451985168946,0.4270903970337891,0.6406355955506837,0.7569563836806179,0.873277171810552,0.9366385859052759,1],"property":"transform.translation.y","fillMode":"removed","duration":1},{"from":{"scalar":false},"beginTime":0.0001,"repeatCount":0,"fillMode":"forwards","property":"hidden","duration":0.9999,"to":{"scalar":false}}],"beginTime":1e-100,"fillMode":"both","duration":1}],"layers":[],"initialState":{"affineTransform":[1,0,0,1,0,0],"masksToBounds":false,"rotation":0,"scale":1,"position":{"pointX":456.4999771118164,"pointY":21.08203125},"width":257,"sublayerTransform":[1,0,0,0,0,1,0,0,0,0,1,0,0,0,0,1],"contentsRect":{"y":0,"x":0,"width":1,"height":1},"opacity":1,"edgeAntialiasingMask":0,"height":33,"hidden":true,"anchorPoint":{"pointX":0.5,"pointY":0.5}},"texture":"609C2A18996DC29290DF492BBE3897D7"}]}]},"effects":[],"duration":1,"type":"buildIn","name":"apple:bc-drop","objectID":1}],"duration":1,"type":"buildIn","name":"apple:move in character","objectID":0}],"automaticPlay":false,"hyperlinks":[],"accessibility":[{"text":"I guess…","targetRectangle":{"y":216,"x":136.9999997615814,"width":126.7236328125,"height":33.0185546875}},{"text":"Most teachers use some amount of instructional video","targetRectangle":{"y":250,"x":170.9999990463257,"width":573.62109375,"height":49.21484375}},{"text":"That they frequently think, “I had one that worked last year. Where is it?”","targetRectangle":{"y":300,"x":170.9999990463257,"width":765.71484375,"height":49.21484375}},{"text":"District administration is freaked about the amount of unknown video","targetRectangle":{"y":350,"x":170.9999990463257,"width":727.0546875,"height":49.21484375}},{"text":"As this increases, we need to stop it from resembling…","targetRectangle":{"y":400,"x":136.9999997615814,"width":731.982421875,"height":55.0185546875}},{"text":"First problem","targetRectangle":{"y":52,"x":268.7199216037989,"width":486.5601567924023,"height":63.16796875}}],"baseLayer":{"animations":[],"initialState":{"affineTransform":[1,0,0,1,0,0],"masksToBounds":true,"rotation":0,"scale":1,"position":{"pointX":512,"pointY":384},"width":1024,"sublayerTransform":[1,0,0,0,0,1,0,0,0,0,1,0,0,0,0,1],"contentsRect":{"y":0,"x":0,"width":1,"height":1},"opacity":1,"edgeAntialiasingMask":0,"height":768,"hidden":false,"anchorPoint":{"pointX":0.5,"pointY":0.5}},"layers":[{"animations":[],"initialState":{"affineTransform":[1,0,0,1,0,0],"masksToBounds":false,"rotation":0,"scale":1,"position":{"pointX":512,"pointY":384},"width":1024,"sublayerTransform":[1,0,0,0,0,1,0,0,0,0,1,0,0,0,0,1],"contentsRect":{"y":0,"x":0,"width":1,"height":1},"opacity":1,"edgeAntialiasingMask":15,"height":768,"hidden":false,"anchorPoint":{"pointX":0.5,"pointY":0.5}},"layers":[{"animations":[],"initialState":{"affineTransform":[1,0,0,1,0,0],"masksToBounds":false,"rotation":0,"scale":1,"position":{"pointX":512,"pointY":384},"width":1024,"sublayerTransform":[1,0,0,0,0,1,0,0,0,0,1,0,0,0,0,1],"contentsRect":{"y":0,"x":0,"width":1,"height":1},"opacity":1,"edgeAntialiasingMask":15,"height":768,"hidden":false,"anchorPoint":{"pointX":0.5,"pointY":0.5}},"layers":[{"animations":[],"layers":[],"initialState":{"affineTransform":[1,0,0,1,0,0],"masksToBounds":false,"rotation":0,"scale":1,"position":{"pointX":512,"pointY":384},"width":1024,"sublayerTransform":[1,0,0,0,0,1,0,0,0,0,1,0,0,0,0,1],"contentsRect":{"y":0,"x":0,"width":1,"height":1},"opacity":1,"edgeAntialiasingMask":0,"height":768,"hidden":false,"anchorPoint":{"pointX":0.5,"pointY":0.5}},"texture":"D8CE7FFE207C1D8439A05951E2FBF6C1"}]}]},{"animations":[],"initialState":{"affineTransform":[1,0,0,1,0,0],"masksToBounds":false,"rotation":0,"scale":1,"position":{"pointX":512,"pointY":384},"width":1024,"sublayerTransform":[1,0,0,0,0,1,0,0,0,0,1,0,0,0,0,1],"contentsRect":{"y":0,"x":0,"width":1,"height":1},"opacity":1,"edgeAntialiasingMask":15,"height":768,"hidden":false,"anchorPoint":{"pointX":0.5,"pointY":0.5}},"layers":[{"animations":[],"initialState":{"affineTransform":[1,0,0,1,0,0],"masksToBounds":false,"rotation":0,"scale":1,"position":{"pointX":511.999979019165,"pointY":84.0000011920929},"width":893.9999580383301,"sublayerTransform":[1,0,0,0,0,1,0,0,0,0,1,0,0,0,0,1],"contentsRect":{"y":0,"x":0,"width":1,"height":1},"opacity":1,"edgeAntialiasingMask":15,"height":160.0000023841858,"hidden":false,"anchorPoint":{"pointX":0.5,"pointY":0.5}},"layers":[{"animations":[],"layers":[],"initialState":{"affineTransform":[1,0,0,1,0,0],"masksToBounds":false,"rotation":0,"scale":1,"position":{"pointX":446,"pointY":77},"width":482,"sublayerTransform":[1,0,0,0,0,1,0,0,0,0,1,0,0,0,0,1],"contentsRect":{"y":0,"x":0,"width":1,"height":1},"opacity":1,"edgeAntialiasingMask":0,"height":48,"hidden":false,"anchorPoint":{"pointX":0.5,"pointY":0.5}},"texture":"B6CC09ACABBF97A7C588B59123D09393"}]}]},{"animations":[],"initialState":{"affineTransform":[1,0,0,1,0,0],"masksToBounds":false,"rotation":0,"scale":1,"position":{"pointX":512,"pointY":384},"width":1024,"sublayerTransform":[1,0,0,0,0,1,0,0,0,0,1,0,0,0,0,1],"contentsRect":{"y":0,"x":0,"width":1,"height":1},"opacity":1,"edgeAntialiasingMask":15,"height":768,"hidden":false,"anchorPoint":{"pointX":0.5,"pointY":0.5}},"layers":[{"animations":[],"initialState":{"affineTransform":[1,0,0,1,0,0],"masksToBounds":false,"rotation":0,"scale":1,"position":{"pointX":511.999979019165,"pointY":368.6725254058838},"width":893.9999580383301,"sublayerTransform":[1,0,0,0,0,1,0,0,0,0,1,0,0,0,0,1],"contentsRect":{"y":0,"x":0,"width":1,"height":1},"opacity":1,"edgeAntialiasingMask":15,"height":313.3450508117676,"hidden":false,"anchorPoint":{"pointX":0.5,"pointY":0.5}},"layers":[{"animations":[],"layers":[],"initialState":{"affineTransform":[1,0,0,1,0,0],"masksToBounds":false,"rotation":0,"scale":1,"position":{"pointX":456.5,"pointY":126},"width":839,"sublayerTransform":[1,0,0,0,0,1,0,0,0,0,1,0,0,0,0,1],"contentsRect":{"y":0,"x":0,"width":1,"height":1},"opacity":1,"edgeAntialiasingMask":0,"height":240,"hidden":false,"anchorPoint":{"pointX":0.5,"pointY":0.5}},"texture":"CB1DC2087D9A60656FED52A3373F6760"}]}]},{"animations":[],"initialState":{"affineTransform":[1,0,0,1,0,0],"masksToBounds":false,"rotation":0,"scale":1,"position":{"pointX":512,"pointY":384},"width":1024,"sublayerTransform":[1,0,0,0,0,1,0,0,0,0,1,0,0,0,0,1],"contentsRect":{"y":0,"x":0,"width":1,"height":1},"opacity":1,"edgeAntialiasingMask":15,"height":768,"hidden":false,"anchorPoint":{"pointX":0.5,"pointY":0.5}},"layers":[{"animations":[],"initialState":{"affineTransform":[1,0,0,1,0,0],"masksToBounds":false,"rotation":0,"scale":1,"position":{"pointX":512.0000019073486,"pointY":554.0416270494461},"width":893.9999580383301,"sublayerTransform":[1,0,0,0,0,1,0,0,0,0,1,0,0,0,0,1],"contentsRect":{"y":0,"x":0,"width":1,"height":1},"opacity":1,"edgeAntialiasingMask":15,"height":65.91406464576721,"hidden":false,"anchorPoint":{"pointX":0.5,"pointY":0.5}},"objectID":0,"layers":[{"animations":[],"layers":[],"initialState":{"affineTransform":[1,0,0,1,0,0],"masksToBounds":false,"rotation":0,"scale":1,"position":{"pointX":258.9999771118164,"pointY":26.9154052734375},"width":444,"sublayerTransform":[1,0,0,0,0,1,0,0,0,0,1,0,0,0,0,1],"contentsRect":{"y":0,"x":0,"width":1,"height":1},"opacity":1,"edgeAntialiasingMask":0,"height":36,"hidden":true,"anchorPoint":{"pointX":0.5,"pointY":0.5}},"texture":"46A6A9AFD846E2DA9B4A7D613050D697"}]}]},{"animations":[],"initialState":{"affineTransform":[1,0,0,1,0,0],"masksToBounds":false,"rotation":0,"scale":1,"position":{"pointX":512,"pointY":384},"width":1024,"sublayerTransform":[1,0,0,0,0,1,0,0,0,0,1,0,0,0,0,1],"contentsRect":{"y":0,"x":0,"width":1,"height":1},"opacity":1,"edgeAntialiasingMask":15,"height":768,"hidden":false,"anchorPoint":{"pointX":0.5,"pointY":0.5}},"layers":[{"animations":[],"initialState":{"affineTransform":[1,0,0,1,0,0],"masksToBounds":false,"rotation":0,"scale":1,"position":{"pointX":512.0000019073486,"pointY":649.3750010728836},"width":893.9999580383301,"sublayerTransform":[1,0,0,0,0,1,0,0,0,0,1,0,0,0,0,1],"contentsRect":{"y":0,"x":0,"width":1,"height":1},"opacity":1,"edgeAntialiasingMask":15,"height":65.91406464576721,"hidden":false,"anchorPoint":{"pointX":0.5,"pointY":0.5}},"objectID":1,"layers":[{"animations":[],"layers":[],"initialState":{"affineTransform":[1,0,0,1,0,0],"masksToBounds":false,"rotation":0,"scale":1,"position":{"pointX":456.4999771118164,"pointY":21.08203125},"width":257,"sublayerTransform":[1,0,0,0,0,1,0,0,0,0,1,0,0,0,0,1],"contentsRect":{"y":0,"x":0,"width":1,"height":1},"opacity":1,"edgeAntialiasingMask":0,"height":33,"hidden":true,"anchorPoint":{"pointX":0.5,"pointY":0.5}},"texture":"609C2A18996DC29290DF492BBE3897D7"}]}]}]}},{"effects":[{"beginTime":0,"baseLayer":{"animations":[],"initialState":{"affineTransform":[1,0,0,1,0,0],"masksToBounds":true,"rotation":0,"scale":1,"position":{"pointX":512,"pointY":384},"width":1024,"sublayerTransform":[1,0,0,0,0,1,0,0,0,0,1,0,0,0,0,1],"contentsRect":{"y":0,"x":0,"width":1,"height":1},"opacity":1,"edgeAntialiasingMask":0,"height":768,"hidden":false,"anchorPoint":{"pointX":0.5,"pointY":0.5}},"objectID":0,"layers":[{"animations":[],"initialState":{"affineTransform":[1,0,0,1,0,0],"masksToBounds":false,"rotation":0,"scale":1,"position":{"pointX":512,"pointY":384},"width":1024,"sublayerTransform":[1,0,0,0,0,1,0,0,0,0,1,-0.0004922987690640373,0,0,0,1],"contentsRect":{"y":0,"x":0,"width":1,"height":1},"opacity":1,"edgeAntialiasingMask":15,"height":768,"hidden":false,"anchorPoint":{"pointX":0.5,"pointY":0.5}},"layers":[{"animations":[],"layers":[],"initialState":{"affineTransform":[1,0,0,1,0,0],"masksToBounds":false,"rotation":0,"scale":1,"position":{"pointX":512,"pointY":384},"width":1024,"sublayerTransform":[1,0,0,0,0,1,0,0,0,0,1,0,0,0,0,1],"contentsRect":{"y":0,"x":0,"width":1,"height":1},"opacity":1,"edgeAntialiasingMask":0,"height":768,"hidden":false,"anchorPoint":{"pointX":0.5,"pointY":0.5}},"texture":"184EBF14928D9097B2C7CCF21C4E57AD"},{"animations":[{"from":{"scalar":1},"beginTime":0,"repeatCount":0,"fillMode":"both","property":"opacity","duration":0.75,"timingFunction":"easeInEaseOut","to":{"scalar":0}}],"layers":[],"initialState":{"affineTransform":[1,0,0,1,0,0],"masksToBounds":false,"rotation":0,"scale":1,"position":{"pointX":512,"pointY":384},"width":1024,"sublayerTransform":[1,0,0,0,0,1,0,0,0,0,1,0,0,0,0,1],"contentsRect":{"y":0,"x":0,"width":1,"height":1},"opacity":1,"edgeAntialiasingMask":0,"height":768,"hidden":false,"anchorPoint":{"pointX":0.5,"pointY":0.5}},"texture":"EC0F2B3C7064E9C3F2AEEC333EEB19E9"}]}]},"effects":[],"duration":0.75,"type":"transition","attributes":{"direction":13},"name":"apple:wipe","objectID":0}],"automaticPlay":false,"hyperlinks":[],"accessibility":[{"text":"Your home digital photo library!!","targetRectangle":{"y":525.0845947265625,"x":137.000022649765,"width":406.1099999999999,"height":38}},{"text":"I guess…","targetRectangle":{"y":216,"x":136.9999997615814,"width":126.7236328125,"height":33.0185546875}},{"text":"Most teachers use some amount of instructional video","targetRectangle":{"y":250,"x":170.9999990463257,"width":573.62109375,"height":49.21484375}},{"text":"That they frequently think, “I had one that worked last year. Where is it?”","targetRectangle":{"y":300,"x":170.9999990463257,"width":765.71484375,"height":49.21484375}},{"text":"District administration is freaked about the amount of unknown video","targetRectangle":{"y":350,"x":170.9999990463257,"width":727.0546875,"height":49.21484375}},{"text":"As this increases, we need to stop it from resembling…","targetRectangle":{"y":400,"x":136.9999997615814,"width":731.982421875,"height":55.0185546875}},{"text":"The HORROR!!","targetRectangle":{"y":620.41796875,"x":394.8047103881836,"width":252.390625,"height":43.20000171661377}},{"text":"First problem","targetRectangle":{"y":52,"x":268.7199216037989,"width":486.5601567924023,"height":63.16796875}}],"baseLayer":{"animations":[],"initialState":{"affineTransform":[1,0,0,1,0,0],"masksToBounds":true,"rotation":0,"scale":1,"position":{"pointX":512,"pointY":384},"width":1024,"sublayerTransform":[1,0,0,0,0,1,0,0,0,0,1,0,0,0,0,1],"contentsRect":{"y":0,"x":0,"width":1,"height":1},"opacity":1,"edgeAntialiasingMask":0,"height":768,"hidden":false,"anchorPoint":{"pointX":0.5,"pointY":0.5}},"objectID":0,"layers":[{"animations":[],"initialState":{"affineTransform":[1,0,0,1,0,0],"masksToBounds":false,"rotation":0,"scale":1,"position":{"pointX":512,"pointY":384},"width":1024,"sublayerTransform":[1,0,0,0,0,1,0,0,0,0,1,-0.0004922987690640373,0,0,0,1],"contentsRect":{"y":0,"x":0,"width":1,"height":1},"opacity":1,"edgeAntialiasingMask":15,"height":768,"hidden":false,"anchorPoint":{"pointX":0.5,"pointY":0.5}},"layers":[{"animations":[],"layers":[],"initialState":{"affineTransform":[1,0,0,1,0,0],"masksToBounds":false,"rotation":0,"scale":1,"position":{"pointX":512,"pointY":384},"width":1024,"sublayerTransform":[1,0,0,0,0,1,0,0,0,0,1,0,0,0,0,1],"contentsRect":{"y":0,"x":0,"width":1,"height":1},"opacity":1,"edgeAntialiasingMask":0,"height":768,"hidden":false,"anchorPoint":{"pointX":0.5,"pointY":0.5}},"texture":"184EBF14928D9097B2C7CCF21C4E57AD"},{"animations":[{"from":{"scalar":1},"beginTime":0,"repeatCount":0,"fillMode":"both","property":"opacity","duration":0.75,"timingFunction":"easeInEaseOut","to":{"scalar":0}}],"layers":[],"initialState":{"affineTransform":[1,0,0,1,0,0],"masksToBounds":false,"rotation":0,"scale":1,"position":{"pointX":512,"pointY":384},"width":1024,"sublayerTransform":[1,0,0,0,0,1,0,0,0,0,1,0,0,0,0,1],"contentsRect":{"y":0,"x":0,"width":1,"height":1},"opacity":1,"edgeAntialiasingMask":0,"height":768,"hidden":false,"anchorPoint":{"pointX":0.5,"pointY":0.5}},"texture":"EC0F2B3C7064E9C3F2AEEC333EEB19E9"}]}]}}]}