{"assets":{"D8CE7FFE207C1D8439A05951E2FBF6C1":{"type":"texture","assetRequest":{"type":"slide","state":"contents","slide":"D12A9C7C-1498-4952-BCD7-065C5DDB8AF5"},"url":"assets/D8CE7FFE207C1D8439A05951E2FBF6C1.svg","width":1024,"height":768},"AB8BF2E1F2C47DEF34BA73B0DE68192B":{"type":"texture","assetRequest":{"type":"slide","state":"contents","slide":"D12A9C7C-1498-4952-BCD7-065C5DDB8AF5"},"url":"assets/AB8BF2E1F2C47DEF34BA73B0DE68192B.svg","width":432,"height":228},"0AF7AD162BF184BBEFC4202FA7D85612":{"type":"texture","assetRequest":{"type":"slide","state":"contents","slide":"D12A9C7C-1498-4952-BCD7-065C5DDB8AF5"},"url":"assets/0AF7AD162BF184BBEFC4202FA7D85612.svg","width":689,"height":300},"9B4B11513612D521307B39093D4C8F0D":{"type":"texture","assetRequest":{"type":"slide","state":"contents","slide":"D12A9C7C-1498-4952-BCD7-065C5DDB8AF5"},"url":"assets/9B4B11513612D521307B39093D4C8F0D.svg","width":890,"height":83},"EB426AD28E8E2653E5CEA07BC36B74FC":{"type":"texture","assetRequest":{"type":"slide","state":"incoming","slide":"4FC8F9DA-7E00-4686-A6C8-8C3AFF3C0E3A"},"url":"assets/EB426AD28E8E2653E5CEA07BC36B74FC.svg","width":1024,"height":768},"B0249E939F310A7FFA45AC5537F640D4":{"type":"texture","assetRequest":{"type":"slide","state":"outgoing","slide":"D12A9C7C-1498-4952-BCD7-065C5DDB8AF5"},"url":"assets/B0249E939F310A7FFA45AC5537F640D4.svg","width":1024,"height":768},"B08DF27FB646F72015FE5C0CCE64FE73":{"type":"texture","assetRequest":{"type":"slide","state":"contents","slide":"D12A9C7C-1498-4952-BCD7-065C5DDB8AF5"},"url":"assets/B08DF27FB646F72015FE5C0CCE64FE73.svg","width":688,"height":107}},"events":[{"effects":[{"beginTime":0,"baseLayer":{"animations":[],"initialState":{"affineTransform":[1,0,0,1,0,0],"masksToBounds":false,"rotation":0,"scale":1,"position":{"pointX":422.1671714782715,"pointY":513.4030151367188},"width":438.5541915893555,"sublayerTransform":[1,0,0,0,0,1,0,0,0,0,1,0,0,0,0,1],"contentsRect":{"y":0,"x":0,"width":1,"height":1},"opacity":1,"edgeAntialiasingMask":15,"height":265.9614324569702,"hidden":false,"anchorPoint":{"pointX":0.5,"pointY":0.5}},"objectID":0,"layers":[{"animations":[],"initialState":{"affineTransform":[1,0,0,1,0,0],"masksToBounds":false,"rotation":0,"scale":1,"position":{"pointX":309.1099243164062,"pointY":3.577701091766357},"width":438.5541915893555,"sublayerTransform":[1,0,0,0,0,1,0,0,0,0,1,-0.0004922987690640373,0,0,0,1],"contentsRect":{"y":0,"x":0,"width":1,"height":1},"opacity":1,"edgeAntialiasingMask":15,"height":265.9614324569702,"hidden":false,"anchorPoint":{"pointX":0.7048386043151638,"pointY":0.01345195451353719}},"layers":[{"animations":[{"from":{"scalar":true},"beginTime":1e-100,"repeatCount":0,"fillMode":"both","property":"hidden","duration":0.01,"to":{"scalar":false}}],"layers":[],"initialState":{"affineTransform":[1,0,0,1,0,0],"masksToBounds":false,"rotation":0,"scale":1,"position":{"pointX":216.1099243164062,"pointY":119.5777010917664},"width":432,"sublayerTransform":[1,0,0,0,0,1,0,0,0,0,1,0,0,0,0,1],"contentsRect":{"y":0,"x":0,"width":1,"height":1},"opacity":1,"edgeAntialiasingMask":0,"height":228,"hidden":true,"anchorPoint":{"pointX":0.5,"pointY":0.5}},"texture":"AB8BF2E1F2C47DEF34BA73B0DE68192B"}]}]},"effects":[{"beginTime":0,"baseLayer":{"animations":[],"initialState":{"affineTransform":[1,0,0,1,0,0],"masksToBounds":false,"rotation":0,"scale":1,"position":{"pointX":497.1900863647461,"pointY":494.2933621406555},"width":686.0413360595703,"sublayerTransform":[1,0,0,0,0,1,0,0,0,0,1,0,0,0,0,1],"contentsRect":{"y":0,"x":0,"width":1,"height":1},"opacity":1,"edgeAntialiasingMask":15,"height":297.3057794570923,"hidden":false,"anchorPoint":{"pointX":0.5,"pointY":0.5}},"objectID":1,"layers":[{"animations":[],"initialState":{"affineTransform":[1,0,0,1,0,0],"masksToBounds":false,"rotation":0,"scale":1,"position":{"pointX":357.8305816650391,"pointY":38.35952758789062},"width":686.0413360595703,"sublayerTransform":[1,0,0,0,0,1,0,0,0,0,1,-0.0004922987690640373,0,0,0,1],"contentsRect":{"y":0,"x":0,"width":1,"height":1},"opacity":1,"edgeAntialiasingMask":15,"height":297.3057794570923,"hidden":false,"anchorPoint":{"pointX":0.5215874945966346,"pointY":0.129023820720669}},"layers":[{"animations":[{"from":{"scalar":true},"beginTime":1e-100,"repeatCount":0,"fillMode":"both","property":"hidden","duration":0.01,"to":{"scalar":false}}],"layers":[],"initialState":{"affineTransform":[1,0,0,1,0,0],"masksToBounds":false,"rotation":0,"scale":1,"position":{"pointX":343.3305816650391,"pointY":148.3595275878906},"width":689,"sublayerTransform":[1,0,0,0,0,1,0,0,0,0,1,0,0,0,0,1],"contentsRect":{"y":0,"x":0,"width":1,"height":1},"opacity":1,"edgeAntialiasingMask":0,"height":300,"hidden":true,"anchorPoint":{"pointX":0.5,"pointY":0.5}},"texture":"0AF7AD162BF184BBEFC4202FA7D85612"}]}]},"effects":[],"duration":0.01,"type":"buildIn","name":"apple:appear","objectID":1},{"beginTime":0,"baseLayer":{"animations":[],"initialState":{"affineTransform":[1,0,0,1,0,0],"masksToBounds":false,"rotation":0,"scale":1,"position":{"pointX":422.1671714782715,"pointY":513.4030151367188},"width":438.5541915893555,"sublayerTransform":[1,0,0,0,0,1,0,0,0,0,1,0,0,0,0,1],"contentsRect":{"y":0,"x":0,"width":1,"height":1},"opacity":1,"edgeAntialiasingMask":15,"height":265.9614324569702,"hidden":false,"anchorPoint":{"pointX":0.5,"pointY":0.5}},"objectID":0,"layers":[{"animations":[{"repeatCount":1,"animations":[{"timingFunctions":[{"timingFunction":"easeIn"},{"timingFunction":"easeOut"},{"timingFunction":"linear"}],"values":[{"scalar":1},{"scalar":1.086149444580078},{"scalar":0.95},{"scalar":1}],"beginTime":0,"repeatCount":0,"keyTimes":[0,0.33,0.667,1],"property":"transform.scale.xy","fillMode":"removed","duration":0.2}],"beginTime":1e-100,"fillMode":"both","duration":0.2}],"layers":[],"initialState":{"affineTransform":[1,0,0,1,0,0],"masksToBounds":false,"rotation":0,"scale":1,"position":{"pointX":216.1099243164062,"pointY":119.5777010917664},"width":432,"sublayerTransform":[1,0,0,0,0,1,0,0,0,0,1,0,0,0,0,1],"contentsRect":{"y":0,"x":0,"width":1,"height":1},"opacity":1,"edgeAntialiasingMask":0,"height":228,"hidden":false,"anchorPoint":{"pointX":0.5,"pointY":0.5}},"texture":"AB8BF2E1F2C47DEF34BA73B0DE68192B"}]},"effects":[],"duration":0.2,"type":"actionBuild","name":"apple:action-pop","objectID":0}],"duration":0.01,"type":"buildIn","name":"apple:appear","objectID":0}],"automaticPlay":true,"hyperlinks":[],"accessibility":[{"text":"Choose a mark to assess a student and a panel pops up…","targetRectangle":{"y":217,"x":102.9999990463257,"width":860.537109375,"height":82.822265625}},{"text":"Maybe some sort of\u2028Grade book","targetRectangle":{"y":23,"x":169.4074214994907,"width":692.1851570010185,"height":121.8511703689583}}],"baseLayer":{"animations":[],"initialState":{"affineTransform":[1,0,0,1,0,0],"masksToBounds":true,"rotation":0,"scale":1,"position":{"pointX":512,"pointY":384},"width":1024,"sublayerTransform":[1,0,0,0,0,1,0,0,0,0,1,0,0,0,0,1],"contentsRect":{"y":0,"x":0,"width":1,"height":1},"opacity":1,"edgeAntialiasingMask":0,"height":768,"hidden":false,"anchorPoint":{"pointX":0.5,"pointY":0.5}},"layers":[{"animations":[],"initialState":{"affineTransform":[1,0,0,1,0,0],"masksToBounds":false,"rotation":0,"scale":1,"position":{"pointX":512,"pointY":384},"width":1024,"sublayerTransform":[1,0,0,0,0,1,0,0,0,0,1,0,0,0,0,1],"contentsRect":{"y":0,"x":0,"width":1,"height":1},"opacity":1,"edgeAntialiasingMask":15,"height":768,"hidden":false,"anchorPoint":{"pointX":0.5,"pointY":0.5}},"layers":[{"animations":[],"initialState":{"affineTransform":[1,0,0,1,0,0],"masksToBounds":false,"rotation":0,"scale":1,"position":{"pointX":512,"pointY":384},"width":1024,"sublayerTransform":[1,0,0,0,0,1,0,0,0,0,1,0,0,0,0,1],"contentsRect":{"y":0,"x":0,"width":1,"height":1},"opacity":1,"edgeAntialiasingMask":15,"height":768,"hidden":false,"anchorPoint":{"pointX":0.5,"pointY":0.5}},"layers":[{"animations":[],"layers":[],"initialState":{"affineTransform":[1,0,0,1,0,0],"masksToBounds":false,"rotation":0,"scale":1,"position":{"pointX":512,"pointY":384},"width":1024,"sublayerTransform":[1,0,0,0,0,1,0,0,0,0,1,0,0,0,0,1],"contentsRect":{"y":0,"x":0,"width":1,"height":1},"opacity":1,"edgeAntialiasingMask":0,"height":768,"hidden":false,"anchorPoint":{"pointX":0.5,"pointY":0.5}},"texture":"D8CE7FFE207C1D8439A05951E2FBF6C1"}]}]},{"animations":[],"initialState":{"affineTransform":[1,0,0,1,0,0],"masksToBounds":false,"rotation":0,"scale":1,"position":{"pointX":512,"pointY":384},"width":1024,"sublayerTransform":[1,0,0,0,0,1,0,0,0,0,1,0,0,0,0,1],"contentsRect":{"y":0,"x":0,"width":1,"height":1},"opacity":1,"edgeAntialiasingMask":15,"height":768,"hidden":false,"anchorPoint":{"pointX":0.5,"pointY":0.5}},"layers":[{"animations":[],"initialState":{"affineTransform":[1,0,0,1,0,0],"masksToBounds":false,"rotation":0,"scale":1,"position":{"pointX":511.999979019165,"pointY":84.0000011920929},"width":893.9999580383301,"sublayerTransform":[1,0,0,0,0,1,0,0,0,0,1,0,0,0,0,1],"contentsRect":{"y":0,"x":0,"width":1,"height":1},"opacity":1,"edgeAntialiasingMask":15,"height":160.0000023841858,"hidden":false,"anchorPoint":{"pointX":0.5,"pointY":0.5}},"layers":[{"animations":[],"layers":[],"initialState":{"affineTransform":[1,0,0,1,0,0],"masksToBounds":false,"rotation":0,"scale":1,"position":{"pointX":449,"pointY":77.5},"width":688,"sublayerTransform":[1,0,0,0,0,1,0,0,0,0,1,0,0,0,0,1],"contentsRect":{"y":0,"x":0,"width":1,"height":1},"opacity":1,"edgeAntialiasingMask":0,"height":107,"hidden":false,"anchorPoint":{"pointX":0.5,"pointY":0.5}},"texture":"B08DF27FB646F72015FE5C0CCE64FE73"}]}]},{"animations":[],"initialState":{"affineTransform":[1,0,0,1,0,0],"masksToBounds":false,"rotation":0,"scale":1,"position":{"pointX":512,"pointY":384},"width":1024,"sublayerTransform":[1,0,0,0,0,1,0,0,0,0,1,0,0,0,0,1],"contentsRect":{"y":0,"x":0,"width":1,"height":1},"opacity":1,"edgeAntialiasingMask":15,"height":768,"hidden":false,"anchorPoint":{"pointX":0.5,"pointY":0.5}},"layers":[{"animations":[],"initialState":{"affineTransform":[1,0,0,1,0,0],"masksToBounds":false,"rotation":0,"scale":1,"position":{"pointX":511.999979019165,"pointY":324.6302132606506},"width":893.9999580383301,"sublayerTransform":[1,0,0,0,0,1,0,0,0,0,1,0,0,0,0,1],"contentsRect":{"y":0,"x":0,"width":1,"height":1},"opacity":1,"edgeAntialiasingMask":15,"height":223.2604265213013,"hidden":false,"anchorPoint":{"pointX":0.5,"pointY":0.5}},"layers":[{"animations":[],"layers":[],"initialState":{"affineTransform":[1,0,0,1,0,0],"masksToBounds":false,"rotation":0,"scale":1,"position":{"pointX":448,"pointY":48.5},"width":890,"sublayerTransform":[1,0,0,0,0,1,0,0,0,0,1,0,0,0,0,1],"contentsRect":{"y":0,"x":0,"width":1,"height":1},"opacity":1,"edgeAntialiasingMask":0,"height":83,"hidden":false,"anchorPoint":{"pointX":0.5,"pointY":0.5}},"texture":"9B4B11513612D521307B39093D4C8F0D"}]}]},{"animations":[],"initialState":{"affineTransform":[1,0,0,1,0,0],"masksToBounds":false,"rotation":0,"scale":1,"position":{"pointX":512,"pointY":384},"width":1024,"sublayerTransform":[1,0,0,0,0,1,0,0,0,0,1,0,0,0,0,1],"contentsRect":{"y":0,"x":0,"width":1,"height":1},"opacity":1,"edgeAntialiasingMask":15,"height":768,"hidden":false,"anchorPoint":{"pointX":0.5,"pointY":0.5}},"layers":[{"animations":[],"initialState":{"affineTransform":[1,0,0,1,0,0],"masksToBounds":false,"rotation":0,"scale":1,"position":{"pointX":422.1671714782715,"pointY":513.4030151367188},"width":438.5541915893555,"sublayerTransform":[1,0,0,0,0,1,0,0,0,0,1,0,0,0,0,1],"contentsRect":{"y":0,"x":0,"width":1,"height":1},"opacity":1,"edgeAntialiasingMask":15,"height":265.9614324569702,"hidden":false,"anchorPoint":{"pointX":0.5,"pointY":0.5}},"objectID":0,"layers":[{"animations":[],"layers":[],"initialState":{"affineTransform":[1,0,0,1,0,0],"masksToBounds":false,"rotation":0,"scale":1,"position":{"pointX":216.1099243164062,"pointY":119.5777010917664},"width":432,"sublayerTransform":[1,0,0,0,0,1,0,0,0,0,1,0,0,0,0,1],"contentsRect":{"y":0,"x":0,"width":1,"height":1},"opacity":1,"edgeAntialiasingMask":0,"height":228,"hidden":true,"anchorPoint":{"pointX":0.5,"pointY":0.5}},"texture":"AB8BF2E1F2C47DEF34BA73B0DE68192B"}]}]},{"animations":[],"initialState":{"affineTransform":[1,0,0,1,0,0],"masksToBounds":false,"rotation":0,"scale":1,"position":{"pointX":512,"pointY":384},"width":1024,"sublayerTransform":[1,0,0,0,0,1,0,0,0,0,1,0,0,0,0,1],"contentsRect":{"y":0,"x":0,"width":1,"height":1},"opacity":1,"edgeAntialiasingMask":15,"height":768,"hidden":false,"anchorPoint":{"pointX":0.5,"pointY":0.5}},"layers":[{"animations":[],"initialState":{"affineTransform":[1,0,0,1,0,0],"masksToBounds":false,"rotation":0,"scale":1,"position":{"pointX":497.1900863647461,"pointY":494.2933621406555},"width":686.0413360595703,"sublayerTransform":[1,0,0,0,0,1,0,0,0,0,1,0,0,0,0,1],"contentsRect":{"y":0,"x":0,"width":1,"height":1},"opacity":1,"edgeAntialiasingMask":15,"height":297.3057794570923,"hidden":false,"anchorPoint":{"pointX":0.5,"pointY":0.5}},"objectID":1,"layers":[{"animations":[],"layers":[],"initialState":{"affineTransform":[1,0,0,1,0,0],"masksToBounds":false,"rotation":0,"scale":1,"position":{"pointX":343.3305816650391,"pointY":148.3595275878906},"width":689,"sublayerTransform":[1,0,0,0,0,1,0,0,0,0,1,0,0,0,0,1],"contentsRect":{"y":0,"x":0,"width":1,"height":1},"opacity":1,"edgeAntialiasingMask":0,"height":300,"hidden":true,"anchorPoint":{"pointX":0.5,"pointY":0.5}},"texture":"0AF7AD162BF184BBEFC4202FA7D85612"}]}]}]}},{"effects":[{"beginTime":0,"baseLayer":{"animations":[],"initialState":{"affineTransform":[1,0,0,1,0,0],"masksToBounds":true,"rotation":0,"scale":1,"position":{"pointX":512,"pointY":384},"width":1024,"sublayerTransform":[1,0,0,0,0,1,0,0,0,0,1,0,0,0,0,1],"contentsRect":{"y":0,"x":0,"width":1,"height":1},"opacity":1,"edgeAntialiasingMask":0,"height":768,"hidden":false,"anchorPoint":{"pointX":0.5,"pointY":0.5}},"objectID":0,"layers":[{"animations":[],"initialState":{"affineTransform":[1,0,0,1,0,0],"masksToBounds":false,"rotation":0,"scale":1,"position":{"pointX":512,"pointY":384},"width":1024,"sublayerTransform":[1,0,0,0,0,1,0,0,0,0,1,-0.0004922987690640373,0,0,0,1],"contentsRect":{"y":0,"x":0,"width":1,"height":1},"opacity":1,"edgeAntialiasingMask":15,"height":768,"hidden":false,"anchorPoint":{"pointX":0.5,"pointY":0.5}},"layers":[{"animations":[],"layers":[],"initialState":{"affineTransform":[1,0,0,1,0,0],"masksToBounds":false,"rotation":0,"scale":1,"position":{"pointX":512,"pointY":384},"width":1024,"sublayerTransform":[1,0,0,0,0,1,0,0,0,0,1,0,0,0,0,1],"contentsRect":{"y":0,"x":0,"width":1,"height":1},"opacity":1,"edgeAntialiasingMask":0,"height":768,"hidden":false,"anchorPoint":{"pointX":0.5,"pointY":0.5}},"texture":"EB426AD28E8E2653E5CEA07BC36B74FC"},{"animations":[{"from":{"scalar":1},"beginTime":0,"repeatCount":0,"fillMode":"both","property":"opacity","duration":0.75,"timingFunction":"easeInEaseOut","to":{"scalar":0}}],"layers":[],"initialState":{"affineTransform":[1,0,0,1,0,0],"masksToBounds":false,"rotation":0,"scale":1,"position":{"pointX":512,"pointY":384},"width":1024,"sublayerTransform":[1,0,0,0,0,1,0,0,0,0,1,0,0,0,0,1],"contentsRect":{"y":0,"x":0,"width":1,"height":1},"opacity":1,"edgeAntialiasingMask":0,"height":768,"hidden":false,"anchorPoint":{"pointX":0.5,"pointY":0.5}},"texture":"B0249E939F310A7FFA45AC5537F640D4"}]}]},"effects":[],"duration":0.75,"type":"transition","attributes":{"direction":13},"name":"apple:wipe","objectID":0}],"automaticPlay":false,"hyperlinks":[],"accessibility":[{"text":"Would you like to assign:","targetRectangle":{"y":384.4222989082336,"x":206.8900756835938,"width":309.203125,"height":37.30078273219988}},{"text":"\tlearning module A","targetRectangle":{"y":422.6390972654335,"x":292.634932756424,"width":189.1096351146698,"height":31.49707156408112}},{"text":"\tlearning content B","targetRectangle":{"y":454.8886102357646,"x":292.634932756424,"width":191.6589515209198,"height":31.49707156408112}},{"text":"\tvideo clip C","targetRectangle":{"y":487.1381232060958,"x":292.634932756424,"width":125.1408851146698,"height":31.49707156408112}},{"text":"Assign to all students assessed this way?","targetRectangle":{"y":519.3876361764269,"x":206.8900756835938,"width":423.1640625,"height":31.49707156408112}},{"text":"\tyes","targetRectangle":{"y":551.637149146758,"x":292.634932756424,"width":42.0466468334198,"height":31.49707156408112}},{"text":"[no]","targetRectangle":{"y":583.8866621170891,"x":292.634932756424,"width":38.36328125,"height":31.49707156408112}},{"text":"Choose a mark to assess a student and a panel pops up…","targetRectangle":{"y":217,"x":102.9999990463257,"width":860.537109375,"height":82.822265625}},{"text":"Maybe some sort of\u2028Grade book","targetRectangle":{"y":23,"x":169.4074214994907,"width":692.1851570010185,"height":121.8511703689583}}],"baseLayer":{"animations":[],"initialState":{"affineTransform":[1,0,0,1,0,0],"masksToBounds":true,"rotation":0,"scale":1,"position":{"pointX":512,"pointY":384},"width":1024,"sublayerTransform":[1,0,0,0,0,1,0,0,0,0,1,0,0,0,0,1],"contentsRect":{"y":0,"x":0,"width":1,"height":1},"opacity":1,"edgeAntialiasingMask":0,"height":768,"hidden":false,"anchorPoint":{"pointX":0.5,"pointY":0.5}},"objectID":0,"layers":[{"animations":[],"initialState":{"affineTransform":[1,0,0,1,0,0],"masksToBounds":false,"rotation":0,"scale":1,"position":{"pointX":512,"pointY":384},"width":1024,"sublayerTransform":[1,0,0,0,0,1,0,0,0,0,1,-0.0004922987690640373,0,0,0,1],"contentsRect":{"y":0,"x":0,"width":1,"height":1},"opacity":1,"edgeAntialiasingMask":15,"height":768,"hidden":false,"anchorPoint":{"pointX":0.5,"pointY":0.5}},"layers":[{"animations":[],"layers":[],"initialState":{"affineTransform":[1,0,0,1,0,0],"masksToBounds":false,"rotation":0,"scale":1,"position":{"pointX":512,"pointY":384},"width":1024,"sublayerTransform":[1,0,0,0,0,1,0,0,0,0,1,0,0,0,0,1],"contentsRect":{"y":0,"x":0,"width":1,"height":1},"opacity":1,"edgeAntialiasingMask":0,"height":768,"hidden":false,"anchorPoint":{"pointX":0.5,"pointY":0.5}},"texture":"EB426AD28E8E2653E5CEA07BC36B74FC"},{"animations":[{"from":{"scalar":1},"beginTime":0,"repeatCount":0,"fillMode":"both","property":"opacity","duration":0.75,"timingFunction":"easeInEaseOut","to":{"scalar":0}}],"layers":[],"initialState":{"affineTransform":[1,0,0,1,0,0],"masksToBounds":false,"rotation":0,"scale":1,"position":{"pointX":512,"pointY":384},"width":1024,"sublayerTransform":[1,0,0,0,0,1,0,0,0,0,1,0,0,0,0,1],"contentsRect":{"y":0,"x":0,"width":1,"height":1},"opacity":1,"edgeAntialiasingMask":0,"height":768,"hidden":false,"anchorPoint":{"pointX":0.5,"pointY":0.5}},"texture":"B0249E939F310A7FFA45AC5537F640D4"}]}]}}]}