{"assets":{"B1446B593EBCD2DB1F3C8EF1A9AFCE22":{"type":"texture","assetRequest":{"type":"slide","state":"outgoing","slide":"39C079C1-198A-4FF7-915B-2C6B9F9B1029"},"url":"assets/B1446B593EBCD2DB1F3C8EF1A9AFCE22.svg","width":1024,"height":768},"5E773F65CB9325EDD5D72A67BAAD3818":{"type":"texture","assetRequest":{"type":"slide","state":"incoming","slide":"5CF3FB9D-1576-4883-BA9E-2C8A2CDB7BA2"},"url":"assets/5E773F65CB9325EDD5D72A67BAAD3818.svg","width":1024,"height":768}},"events":[{"effects":[{"beginTime":0,"baseLayer":{"animations":[],"initialState":{"affineTransform":[1,0,0,1,0,0],"masksToBounds":true,"rotation":0,"scale":1,"position":{"pointX":512,"pointY":384},"width":1024,"sublayerTransform":[1,0,0,0,0,1,0,0,0,0,1,0,0,0,0,1],"contentsRect":{"y":0,"x":0,"width":1,"height":1},"opacity":1,"edgeAntialiasingMask":0,"height":768,"hidden":false,"anchorPoint":{"pointX":0.5,"pointY":0.5}},"objectID":0,"layers":[{"animations":[],"initialState":{"affineTransform":[1,0,0,1,0,0],"masksToBounds":false,"rotation":0,"scale":1,"position":{"pointX":512,"pointY":384},"width":1024,"sublayerTransform":[1,0,0,0,0,1,0,0,0,0,1,-0.0004922987690640373,0,0,0,1],"contentsRect":{"y":0,"x":0,"width":1,"height":1},"opacity":1,"edgeAntialiasingMask":15,"height":768,"hidden":false,"anchorPoint":{"pointX":0.5,"pointY":0.5}},"layers":[{"animations":[],"layers":[],"initialState":{"affineTransform":[1,0,0,1,0,0],"masksToBounds":false,"rotation":0,"scale":1,"position":{"pointX":512,"pointY":384},"width":1024,"sublayerTransform":[1,0,0,0,0,1,0,0,0,0,1,0,0,0,0,1],"contentsRect":{"y":0,"x":0,"width":1,"height":1},"opacity":1,"edgeAntialiasingMask":0,"height":768,"hidden":false,"anchorPoint":{"pointX":0.5,"pointY":0.5}},"texture":"5E773F65CB9325EDD5D72A67BAAD3818"},{"animations":[{"from":{"scalar":1},"beginTime":0,"repeatCount":0,"fillMode":"both","property":"opacity","duration":0.75,"timingFunction":"easeInEaseOut","to":{"scalar":0}}],"layers":[],"initialState":{"affineTransform":[1,0,0,1,0,0],"masksToBounds":false,"rotation":0,"scale":1,"position":{"pointX":512,"pointY":384},"width":1024,"sublayerTransform":[1,0,0,0,0,1,0,0,0,0,1,0,0,0,0,1],"contentsRect":{"y":0,"x":0,"width":1,"height":1},"opacity":1,"edgeAntialiasingMask":0,"height":768,"hidden":false,"anchorPoint":{"pointX":0.5,"pointY":0.5}},"texture":"B1446B593EBCD2DB1F3C8EF1A9AFCE22"}]}]},"effects":[],"duration":0.75,"type":"transition","attributes":{"direction":13},"name":"apple:wipe","objectID":0}],"automaticPlay":false,"hyperlinks":[{"url":"http://tqwhite.org?062C5C","targetRectangle":{"y":688.4931030869484,"x":810.9410977363586,"width":146.35546875,"height":16.80000066757202}}],"accessibility":[{"text":"Now it’s 90 percent, http://tqwhite.org?84BB17","targetRectangle":{"y":631.2666864395142,"x":695.8346524238586,"width":253.6640625,"height":16.80000066757202}},{"text":"Frees teachers to help students apply knowledge","targetRectangle":{"y":217,"x":102.9999990463257,"width":782.47265625,"height":40.822265625}},{"text":"Unburdens home life from homework","targetRectangle":{"y":259,"x":102.9999990463257,"width":590.255859375,"height":92.822265625}},{"text":"‘Problem’ sets (a problem for parents!)","targetRectangle":{"y":353,"x":136.9999997615814,"width":467.2822265625,"height":55.0185546875}},{"text":"Sets students free to absorb info at individual pace","targetRectangle":{"y":409,"x":102.9999990463257,"width":806.501953125,"height":92.822265625}},{"text":"Repeat viewing is a lot easier than asking the teacher to rewind","targetRectangle":{"y":503,"x":136.9999997615814,"width":752.109375,"height":89.0185546875}},{"text":"Outcomes are improved","targetRectangle":{"y":593,"x":102.9999990463257,"width":384.15234375,"height":92.822265625}},{"text":"outperform physics majors, http://tqwhite.org?05F365","targetRectangle":{"y":649.9333124160767,"x":660.1530199050903,"width":293.02734375,"height":16.80000066757202}},{"text":"interactive engagement methods, http://tqwhite.org?062C5C","targetRectangle":{"y":688.4931030869484,"x":632.0368008613586,"width":325.259765625,"height":16.80000066757202}},{"text":"failure rate reduced, http://tqwhite.org?303839","targetRectangle":{"y":669.0000000596046,"x":695.2106342315674,"width":254.912109375,"height":16.80000066757202}},{"text":"What problem did this solve?","targetRectangle":{"y":23,"x":131.0003901869059,"width":780.3578134179115,"height":121.8511703689583}}],"baseLayer":{"animations":[],"initialState":{"affineTransform":[1,0,0,1,0,0],"masksToBounds":true,"rotation":0,"scale":1,"position":{"pointX":512,"pointY":384},"width":1024,"sublayerTransform":[1,0,0,0,0,1,0,0,0,0,1,0,0,0,0,1],"contentsRect":{"y":0,"x":0,"width":1,"height":1},"opacity":1,"edgeAntialiasingMask":0,"height":768,"hidden":false,"anchorPoint":{"pointX":0.5,"pointY":0.5}},"objectID":0,"layers":[{"animations":[],"initialState":{"affineTransform":[1,0,0,1,0,0],"masksToBounds":false,"rotation":0,"scale":1,"position":{"pointX":512,"pointY":384},"width":1024,"sublayerTransform":[1,0,0,0,0,1,0,0,0,0,1,-0.0004922987690640373,0,0,0,1],"contentsRect":{"y":0,"x":0,"width":1,"height":1},"opacity":1,"edgeAntialiasingMask":15,"height":768,"hidden":false,"anchorPoint":{"pointX":0.5,"pointY":0.5}},"layers":[{"animations":[],"layers":[],"initialState":{"affineTransform":[1,0,0,1,0,0],"masksToBounds":false,"rotation":0,"scale":1,"position":{"pointX":512,"pointY":384},"width":1024,"sublayerTransform":[1,0,0,0,0,1,0,0,0,0,1,0,0,0,0,1],"contentsRect":{"y":0,"x":0,"width":1,"height":1},"opacity":1,"edgeAntialiasingMask":0,"height":768,"hidden":false,"anchorPoint":{"pointX":0.5,"pointY":0.5}},"texture":"5E773F65CB9325EDD5D72A67BAAD3818"},{"animations":[{"from":{"scalar":1},"beginTime":0,"repeatCount":0,"fillMode":"both","property":"opacity","duration":0.75,"timingFunction":"easeInEaseOut","to":{"scalar":0}}],"layers":[],"initialState":{"affineTransform":[1,0,0,1,0,0],"masksToBounds":false,"rotation":0,"scale":1,"position":{"pointX":512,"pointY":384},"width":1024,"sublayerTransform":[1,0,0,0,0,1,0,0,0,0,1,0,0,0,0,1],"contentsRect":{"y":0,"x":0,"width":1,"height":1},"opacity":1,"edgeAntialiasingMask":0,"height":768,"hidden":false,"anchorPoint":{"pointX":0.5,"pointY":0.5}},"texture":"B1446B593EBCD2DB1F3C8EF1A9AFCE22"}]}]}}]}