{"assets":{"61BF7CBB16E6F0B66DC350FB3CF165E1":{"type":"texture","assetRequest":{"type":"slide","state":"incoming","slide":"334D93EA-0CB4-47B9-A9C0-4785DE0FECA8"},"url":"assets/61BF7CBB16E6F0B66DC350FB3CF165E1.svg","width":1024,"height":768},"1C0C4076C53D66473672D2B9D114D44B":{"type":"texture","assetRequest":{"type":"slide","state":"outgoing","slide":"2220F06F-7322-4816-B4D5-A98CBDFAE954"},"url":"assets/1C0C4076C53D66473672D2B9D114D44B.svg","width":1024,"height":768}},"events":[{"effects":[{"beginTime":0,"baseLayer":{"animations":[],"initialState":{"affineTransform":[1,0,0,1,0,0],"masksToBounds":true,"rotation":0,"scale":1,"position":{"pointX":512,"pointY":384},"width":1024,"sublayerTransform":[1,0,0,0,0,1,0,0,0,0,1,0,0,0,0,1],"contentsRect":{"y":0,"x":0,"width":1,"height":1},"opacity":1,"edgeAntialiasingMask":0,"height":768,"hidden":false,"anchorPoint":{"pointX":0.5,"pointY":0.5}},"objectID":0,"layers":[{"animations":[],"initialState":{"affineTransform":[1,0,0,1,0,0],"masksToBounds":false,"rotation":0,"scale":1,"position":{"pointX":512,"pointY":384},"width":1024,"sublayerTransform":[1,0,0,0,0,1,0,0,0,0,1,-0.0004922987690640373,0,0,0,1],"contentsRect":{"y":0,"x":0,"width":1,"height":1},"opacity":1,"edgeAntialiasingMask":15,"height":768,"hidden":false,"anchorPoint":{"pointX":0.5,"pointY":0.5}},"layers":[{"animations":[],"layers":[],"initialState":{"affineTransform":[1,0,0,1,0,0],"masksToBounds":false,"rotation":0,"scale":1,"position":{"pointX":512,"pointY":384},"width":1024,"sublayerTransform":[1,0,0,0,0,1,0,0,0,0,1,0,0,0,0,1],"contentsRect":{"y":0,"x":0,"width":1,"height":1},"opacity":1,"edgeAntialiasingMask":0,"height":768,"hidden":false,"anchorPoint":{"pointX":0.5,"pointY":0.5}},"texture":"61BF7CBB16E6F0B66DC350FB3CF165E1"},{"animations":[{"from":{"scalar":1},"beginTime":0,"repeatCount":0,"fillMode":"both","property":"opacity","duration":0.75,"timingFunction":"easeInEaseOut","to":{"scalar":0}}],"layers":[],"initialState":{"affineTransform":[1,0,0,1,0,0],"masksToBounds":false,"rotation":0,"scale":1,"position":{"pointX":512,"pointY":384},"width":1024,"sublayerTransform":[1,0,0,0,0,1,0,0,0,0,1,0,0,0,0,1],"contentsRect":{"y":0,"x":0,"width":1,"height":1},"opacity":1,"edgeAntialiasingMask":0,"height":768,"hidden":false,"anchorPoint":{"pointX":0.5,"pointY":0.5}},"texture":"1C0C4076C53D66473672D2B9D114D44B"}]}]},"effects":[],"duration":0.75,"type":"transition","attributes":{"direction":13},"name":"apple:wipe","objectID":0}],"automaticPlay":false,"hyperlinks":[],"accessibility":[{"text":"Fully individualized","targetRectangle":{"y":23,"x":170.7363277077675,"width":682.527344584465,"height":63.16796875}},{"text":"content delivery","targetRectangle":{"y":81.68320161895826,"x":209.012109041214,"width":605.975781917572,"height":63.16796875}},{"text":"Organizing classrooms by age might be obsolete","targetRectangle":{"y":217,"x":102.9999990463257,"width":778.412109375,"height":40.822265625}},{"text":"Learning style","targetRectangle":{"y":259,"x":136.9999997615814,"width":186.7822265625,"height":55.0185546875}},{"text":"Primary interest","targetRectangle":{"y":315,"x":136.9999997615814,"width":210.0439453125,"height":55.0185546875}},{"text":"Mix selected geniuses to maximize coaching experience","targetRectangle":{"y":371,"x":136.9999997615814,"width":747.041015625,"height":55.0185546875}},{"text":"Mix topics covered for synergy","targetRectangle":{"y":427,"x":102.9999990463257,"width":486.17578125,"height":92.822265625}},{"text":"Combining continuous assessment with digital learning content delivery could be magical","targetRectangle":{"y":521,"x":102.9999990463257,"width":746.384765625,"height":134.822265625}}],"baseLayer":{"animations":[],"initialState":{"affineTransform":[1,0,0,1,0,0],"masksToBounds":true,"rotation":0,"scale":1,"position":{"pointX":512,"pointY":384},"width":1024,"sublayerTransform":[1,0,0,0,0,1,0,0,0,0,1,0,0,0,0,1],"contentsRect":{"y":0,"x":0,"width":1,"height":1},"opacity":1,"edgeAntialiasingMask":0,"height":768,"hidden":false,"anchorPoint":{"pointX":0.5,"pointY":0.5}},"objectID":0,"layers":[{"animations":[],"initialState":{"affineTransform":[1,0,0,1,0,0],"masksToBounds":false,"rotation":0,"scale":1,"position":{"pointX":512,"pointY":384},"width":1024,"sublayerTransform":[1,0,0,0,0,1,0,0,0,0,1,-0.0004922987690640373,0,0,0,1],"contentsRect":{"y":0,"x":0,"width":1,"height":1},"opacity":1,"edgeAntialiasingMask":15,"height":768,"hidden":false,"anchorPoint":{"pointX":0.5,"pointY":0.5}},"layers":[{"animations":[],"layers":[],"initialState":{"affineTransform":[1,0,0,1,0,0],"masksToBounds":false,"rotation":0,"scale":1,"position":{"pointX":512,"pointY":384},"width":1024,"sublayerTransform":[1,0,0,0,0,1,0,0,0,0,1,0,0,0,0,1],"contentsRect":{"y":0,"x":0,"width":1,"height":1},"opacity":1,"edgeAntialiasingMask":0,"height":768,"hidden":false,"anchorPoint":{"pointX":0.5,"pointY":0.5}},"texture":"61BF7CBB16E6F0B66DC350FB3CF165E1"},{"animations":[{"from":{"scalar":1},"beginTime":0,"repeatCount":0,"fillMode":"both","property":"opacity","duration":0.75,"timingFunction":"easeInEaseOut","to":{"scalar":0}}],"layers":[],"initialState":{"affineTransform":[1,0,0,1,0,0],"masksToBounds":false,"rotation":0,"scale":1,"position":{"pointX":512,"pointY":384},"width":1024,"sublayerTransform":[1,0,0,0,0,1,0,0,0,0,1,0,0,0,0,1],"contentsRect":{"y":0,"x":0,"width":1,"height":1},"opacity":1,"edgeAntialiasingMask":0,"height":768,"hidden":false,"anchorPoint":{"pointX":0.5,"pointY":0.5}},"texture":"1C0C4076C53D66473672D2B9D114D44B"}]}]}}]}